{
  "scenario": "mixed_PGD",
  "timestamp": "2025-08-17T14:25:44.197244+00:00",
  "attack_base_model": "Random_Forest",
  "threeclass_model": "Random_Forest",
  "lenient_tau_3c": 0.3103448152542114,
  "stream_counts": {
    "nat": 500000,
    "adv": 500000,
    "total": 1000000
  },
  "three_class": {
    "accuracy": 0.828397,
    "f1_macro": 0.8331212479970572,
    "auc_ovr": 0.958186762072232,
    "per_class": {
      "0": {
        "precision": 0.9065200498268167,
        "recall": 0.929328027798016,
        "f1": 0.9177823593713246,
        "support": 249802
      },
      "1": {
        "precision": 0.6144667163535088,
        "recall": 0.9391322072918249,
        "f1": 0.742875751075336,
        "support": 250198
      },
      "2": {
        "precision": 0.9993416648686926,
        "recall": 0.72256,
        "f1": 0.838705633544511,
        "support": 500000
      }
    },
    "counts": {
      "total": 1000000,
      "nat": 500000,
      "adv": 500000
    },
    "adv_pred2_rate": 0.72256,
    "confusion": {
      "labels": [
        0,
        1,
        2
      ],
      "matrix": [
        [
          232148,
          17644,
          10
        ],
        [
          15001,
          234969,
          228
        ],
        [
          8938,
          129782,
          361280
        ]
      ],
      "total": 1000000,
      "accuracy_from_confusion": 0.828397
    }
  },
  "nat_only_slice": {
    "accuracy": 0.934234,
    "f1_macro": 0.9344554268654711,
    "per_class": {
      "0": {
        "precision": 0.9393038207720849,
        "recall": 0.929328027798016,
        "f1": 0.9342892961277872,
        "support": 249802
      },
      "1": {
        "precision": 0.9301540300776286,
        "recall": 0.9391322072918249,
        "f1": 0.934621557603155,
        "support": 250198
      }
    },
    "counts": {
      "nat_total": 500000
    },
    "confusion": {
      "labels": [
        0,
        1,
        2
      ],
      "matrix": [
        [
          232148,
          17644,
          10
        ],
        [
          15001,
          234969,
          228
        ],
        [
          0,
          0,
          0
        ]
      ],
      "total": 500000,
      "accuracy_from_confusion": 0.934234
    }
  },
  "attack": {
    "kind": "PGD",
    "steps": 5,
    "eps_z": 0.4,
    "alpha_z": 0.1
  }
}