{
  "scenario": "mixed_FGSM",
  "timestamp": "2025-08-17T14:30:11.065306+00:00",
  "attack_base_model": "XGBoost",
  "threeclass_model": "XGBoost",
  "lenient_tau_3c": 0.3103448152542114,
  "stream_counts": {
    "nat": 500000,
    "adv": 500000,
    "total": 1000000
  },
  "three_class": {
    "accuracy": 0.873699,
    "f1_macro": 0.8720792324087382,
    "auc_ovr": 0.964658205343213,
    "per_class": {
      "0": {
        "precision": 0.9120752169042889,
        "recall": 0.935504919896558,
        "f1": 0.9236415089492334,
        "support": 249802
      },
      "1": {
        "precision": 0.6936058625751764,
        "recall": 0.9366581667319483,
        "f1": 0.7970139609230193,
        "support": 250198
      },
      "2": {
        "precision": 0.9993816347999183,
        "recall": 0.811316,
        "f1": 0.8955822273539616,
        "support": 500000
      }
    },
    "counts": {
      "total": 1000000,
      "nat": 500000,
      "adv": 500000
    },
    "adv_pred2_rate": 0.811316,
    "confusion": {
      "labels": [
        0,
        1,
        2
      ],
      "matrix": [
        [
          233691,
          16098,
          13
        ],
        [
          15610,
          234350,
          238
        ],
        [
          6918,
          87424,
          405658
        ]
      ],
      "total": 1000000,
      "accuracy_from_confusion": 0.873699
    }
  },
  "nat_only_slice": {
    "accuracy": 0.936082,
    "f1_macro": 0.9363172112250104,
    "per_class": {
      "0": {
        "precision": 0.9373849282594133,
        "recall": 0.935504919896558,
        "f1": 0.9364439805010188,
        "support": 249802
      },
      "1": {
        "precision": 0.9357231840541749,
        "recall": 0.9366581667319483,
        "f1": 0.9361904419490019,
        "support": 250198
      }
    },
    "counts": {
      "nat_total": 500000
    },
    "confusion": {
      "labels": [
        0,
        1,
        2
      ],
      "matrix": [
        [
          233691,
          16098,
          13
        ],
        [
          15610,
          234350,
          238
        ],
        [
          0,
          0,
          0
        ]
      ],
      "total": 500000,
      "accuracy_from_confusion": 0.936082
    }
  },
  "attack": {
    "kind": "FGSM",
    "steps": 1,
    "eps_z": 0.4,
    "alpha_z": 0.1
  }
}