{
  "model": "Logistic_Regression",
  "attack": "PGD",
  "samples_evaluated": 50000,
  "accuracy": 0.19624,
  "precision": 0.281178,
  "recall": 0.393803,
  "f1_score": 0.328095,
  "auc_roc": 0.095639,
  "timestamp": "2025-08-12T17:09:02.397835+00:00"
}