{
  "model": "DL-FTTransformer",
  "attack": "NAT",
  "samples_evaluated": 50000,
  "accuracy": 0.93362,
  "precision": 0.930957,
  "recall": 0.936226,
  "f1_score": 0.933584,
  "auc_roc": 0.974022,
  "timestamp": "2025-08-10T12:49:29.007809+00:00"
}