{
  "model": "Gaussian_Naive_Bayes",
  "attack": "FGSM",
  "samples_evaluated": 50000,
  "accuracy": 0.26098,
  "precision": 0.342197,
  "recall": 0.52372,
  "f1_score": 0.413932,
  "auc_roc": 0.26186,
  "timestamp": "2025-08-11T15:11:54.523582+00:00"
}