{
  "model": "LightGBM",
  "attack": "PGD",
  "samples_evaluated": 50000,
  "accuracy": 0.55364,
  "precision": 0.531419,
  "recall": 0.881803,
  "f1_score": 0.663175,
  "auc_roc": 0.490416,
  "timestamp": "2025-08-10T12:59:03.636402+00:00"
}