{
  "scenario": "mixed_PGD",
  "timestamp": "2025-08-17T14:22:52.270266+00:00",
  "attack_base_model": "Decision_Tree",
  "threeclass_model": "Decision_Tree",
  "lenient_tau_3c": 0.3103448152542114,
  "stream_counts": {
    "nat": 500000,
    "adv": 500000,
    "total": 1000000
  },
  "three_class": {
    "accuracy": 0.82653,
    "f1_macro": 0.8311363928072323,
    "auc_ovr": 0.9430552593108558,
    "per_class": {
      "0": {
        "precision": 0.9034605332752559,
        "recall": 0.92995652556825,
        "f1": 0.9165170733631862,
        "support": 249802
      },
      "1": {
        "precision": 0.6118674826575745,
        "recall": 0.9338683762460132,
        "f1": 0.7393290247047376,
        "support": 250198
      },
      "2": {
        "precision": 0.9988033406739519,
        "recall": 0.721146,
        "f1": 0.8375630803537726,
        "support": 500000
      }
    },
    "counts": {
      "total": 1000000,
      "nat": 500000,
      "adv": 500000
    },
    "adv_pred2_rate": 0.721146,
    "confusion": {
      "labels": [
        0,
        1,
        2
      ],
      "matrix": [
        [
          232305,
          17354,
          143
        ],
        [
          16257,
          233652,
          289
        ],
        [
          8566,
          130861,
          360573
        ]
      ],
      "total": 1000000,
      "accuracy_from_confusion": 0.82653
    }
  },
  "nat_only_slice": {
    "accuracy": 0.931914,
    "f1_macro": 0.9323166294602014,
    "per_class": {
      "0": {
        "precision": 0.9345957950129142,
        "recall": 0.92995652556825,
        "f1": 0.9322703887118652,
        "support": 249802
      },
      "1": {
        "precision": 0.9308622104650884,
        "recall": 0.9338683762460132,
        "f1": 0.9323628702085378,
        "support": 250198
      }
    },
    "counts": {
      "nat_total": 500000
    },
    "confusion": {
      "labels": [
        0,
        1,
        2
      ],
      "matrix": [
        [
          232305,
          17354,
          143
        ],
        [
          16257,
          233652,
          289
        ],
        [
          0,
          0,
          0
        ]
      ],
      "total": 500000,
      "accuracy_from_confusion": 0.931914
    }
  },
  "attack": {
    "kind": "PGD",
    "steps": 5,
    "eps_z": 0.4,
    "alpha_z": 0.1
  }
}