{
  "scenario": "mixed_FGSM",
  "timestamp": "2025-08-15T15:45:38.089293+00:00",
  "samples_total": 3000000,
  "nat_count": 1000000,
  "adv_count": 2000000,
  "tau": 0.045270271599292755,
  "detector_auroc_nat_vs_adv": 0.9960426639547499,
  "tpr_adv_at_tau": 0.998205,
  "fpr_nat_at_tau": 0.10001,
  "accept_rate_overall": 0.3011933333333333,
  "accept_rate_nat": 0.89999,
  "accept_rate_adv": 0.001795,
  "base_acc_accepted_nat": 0.9275458616206846,
  "base_auc_accepted_nat": 0.9708665063156648
}