{
  "samples": 200000,
  "accuracy": 0.93316,
  "precision": 0.9305936617758161,
  "recall": 0.93614,
  "f1": 0.933358591397635,
  "balanced_accuracy": 0.93316,
  "mcc": 0.8663353869461838,
  "kappa": 0.86632,
  "roc_auc": 0.9757877773,
  "pr_auc": 0.979910102940958,
  "specificity": 0.93018,
  "confusion": {
    "tn": 93018,
    "fp": 6982,
    "fn": 6386,
    "tp": 93614
  },
  "brier": 0.053426787725151345,
  "log_loss_ce": 0.1799832782766118,
  "ece": 0.0013740727509744524,
  "split": "val",
  "timestamp": "2025-08-22T11:40:51.511550+00:00"
}