{
  "samples": 400001,
  "accuracy": 0.9341401646495884,
  "precision": 0.932414665484716,
  "recall": 0.936135,
  "f1": 0.9342711290974506,
  "balanced_accuracy": 0.9341401696366518,
  "mcc": 0.8682872422149256,
  "kappa": 0.8682803306122506,
  "roc_auc": 0.9760248087634562,
  "pr_auc": 0.980218551915876,
  "specificity": 0.9321453392733037,
  "confusion": {
    "tn": 186430,
    "fp": 13571,
    "fn": 12773,
    "tp": 187227
  },
  "brier": 0.05287166074711965,
  "log_loss_ce": 0.17870818192447124,
  "ece": 0.0007838337756807417,
  "split": "test",
  "timestamp": "2025-08-22T11:40:53.163468+00:00"
}