{
  "samples": 1399999,
  "accuracy": 0.9349278106627219,
  "precision": 0.9325887877689919,
  "recall": 0.9376314285714286,
  "f1": 0.9351033099798046,
  "balanced_accuracy": 0.9349278087315636,
  "mcc": 0.8698683371885513,
  "kappa": 0.8698556208227273,
  "roc_auc": 0.9769824390432802,
  "pr_auc": 0.9808729226582326,
  "specificity": 0.9322241888916984,
  "confusion": {
    "tn": 652556,
    "fp": 47443,
    "fn": 43658,
    "tp": 656342
  },
  "brier": 0.05213888785886857,
  "log_loss_ce": 0.17618937550854868,
  "ece": 0.0016849263860497785,
  "split": "train",
  "timestamp": "2025-09-01T10:54:47.953416+00:00"
}