{
  "model": "XGBoost",
  "samples_evaluated": 400001,
  "accuracy": 0.93414,
  "precision": 0.932415,
  "recall": 0.936135,
  "f1_score": 0.934271,
  "auc_roc": 0.976025,
  "timestamp": "2025-08-10T11:19:30.467592+00:00"
}