{
  "samples": 400001,
  "accuracy": 0.9341476646308384,
  "precision": 0.9310932046450895,
  "recall": 0.93769,
  "f1": 0.9343799589952593,
  "balanced_accuracy": 0.9341476734866325,
  "mcc": 0.8683171253124753,
  "kappa": 0.868295331593661,
  "roc_auc": 0.9760248087634562,
  "pr_auc": 0.980218551915876,
  "specificity": 0.9306053469732651,
  "confusion": {
    "tn": 186122,
    "fp": 13879,
    "fn": 12462,
    "tp": 187538
  },
  "brier": 0.05287166074711965,
  "log_loss_ce": 0.17870818192447124,
  "ece": 0.0007838337756807417,
  "threshold_used": 0.46
}