{
  "confusion_metrics": {
    "tn": 186430,
    "fp": 13571,
    "fn": 12773,
    "tp": 187227,
    "tpr_recall": 0.936135,
    "tnr_specificity": 0.9321453392733037,
    "fpr": 0.06785466072669637,
    "fnr": 0.063865,
    "precision": 0.932414665484716,
    "recall": 0.936135,
    "balanced_accuracy": 0.9341401696366518
  },
  "feature_importance": {
    "raw": {
      "url_length": 0.000792333681602031,
      "digit_count": 0.09915988147258759,
      "special_char_count": 0.0,
      "hostname_length": 0.005449170712381601,
      "path_length": 0.010542026720941067,
      "entropy": 0.0005200169398449361,
      "num_tokens": 0.04571295902132988,
      "query_length": 0.17778731882572174,
      "dot_count": 0.02253989316523075,
      "semicolon_count": 0.0,
      "underscore_count": 0.0,
      "question_mark_count": 0.12667785584926605,
      "hash_char_count": 0.0,
      "equal_count": 0.0,
      "percent_char_count": 0.0,
      "ampersand_count": 0.0,
      "dash_count": 0.06325478851795197,
      "at_char_count": 0.0,
      "tilde_char_count": 0.0,
      "double_slash_count": 0.0,
      "digit_alphabet_ratio": 0.12815238535404205,
      "special_char_alphabet_ratio": 0.0,
      "uppercase_lowercase_ratio": 0.0,
      "domain_url_ratio": 0.001752370153553784,
      "ip_as_hostname": 0.05068002641201019,
      "exe_in_url": 8.082726708380505e-05,
      "https_in_url": 0.26670366525650024,
      "ftp_used": 0.0,
      "js_used": 0.00013048620894551277,
      "css_used": 6.404132000170648e-05
    },
    "normalized": {
      "url_length": 0.002970839117790189,
      "digit_count": 0.3717979705199076,
      "special_char_count": 0.0,
      "hostname_length": 0.020431555401163693,
      "path_length": 0.0395271160252048,
      "entropy": 0.0019497930009503759,
      "num_tokens": 0.17139981551196826,
      "query_length": 0.6666099569900403,
      "dot_count": 0.08451287365531021,
      "semicolon_count": 0.0,
      "underscore_count": 0.0,
      "question_mark_count": 0.47497605901829126,
      "hash_char_count": 0.0,
      "equal_count": 0.0,
      "percent_char_count": 0.0,
      "ampersand_count": 0.0,
      "dash_count": 0.23717255050513517,
      "at_char_count": 0.0,
      "tilde_char_count": 0.0,
      "double_slash_count": 0.0,
      "digit_alphabet_ratio": 0.4805047775807373,
      "special_char_alphabet_ratio": 0.0,
      "uppercase_lowercase_ratio": 0.0,
      "domain_url_ratio": 0.006570476456963781,
      "ip_as_hostname": 0.19002373425677918,
      "exe_in_url": 0.00030306020356364447,
      "https_in_url": 1.0,
      "ftp_used": 0.0,
      "js_used": 0.0004892554019458961,
      "css_used": 0.00024012163439941938
    }
  }
}