{
  "scenario": "mixed_PGD",
  "timestamp": "2025-08-17T14:31:43.188633+00:00",
  "attack_base_model": "XGBoost",
  "threeclass_model": "XGBoost",
  "lenient_tau_3c": 0.3103448152542114,
  "stream_counts": {
    "nat": 500000,
    "adv": 500000,
    "total": 1000000
  },
  "gate": {
    "accept_rate_nat": 0.994928,
    "accept_rate_adv": 0.069556,
    "counts": {
      "nat_accepted": 497464,
      "nat_blocked": 2536,
      "adv_accepted": 34778,
      "adv_blocked": 465222
    }
  },
  "three_class": {
    "accuracy": 0.8820235907726185,
    "f1_macro": 0.6718529407975812,
    "auc_ovr": 0.9179771209664315,
    "per_class": {
      "0": {
        "precision": 0.9373849282594133,
        "recall": 0.9355086648972583,
        "f1": 0.9364458567587387,
        "support": 249801
      },
      "1": {
        "precision": 0.831396870350786,
        "recall": 0.9364095565344843,
        "f1": 0.8807841886184791,
        "support": 247663
      },
      "2": {
        "precision": 0.9622122122122122,
        "recall": 0.11055839898786589,
        "f1": 0.19832877701552587,
        "support": 34778
      }
    },
    "counts": {
      "total_accepted": 532242,
      "nat_accepted": 497464,
      "adv_accepted": 34778
    },
    "adv_pred2_rate_accepted": 0.11055839898786589,
    "confusion": {
      "labels": [
        0,
        1,
        2
      ],
      "matrix": [
        [
          233691,
          16098,
          12
        ],
        [
          15610,
          231914,
          139
        ],
        [
          0,
          30933,
          3845
        ]
      ],
      "total": 532242,
      "accuracy_from_confusion": 0.8820235907726185
    }
  },
  "nat_only_slice": {
    "accuracy": 0.9359571747905376,
    "f1_macro": 0.9360980481655196,
    "per_class": {
      "0": {
        "precision": 0.9373849282594133,
        "recall": 0.9355086648972583,
        "f1": 0.9364458567587387,
        "support": 249801
      },
      "1": {
        "precision": 0.9350918503943357,
        "recall": 0.9364095565344843,
        "f1": 0.9357502395723004,
        "support": 247663
      }
    },
    "counts": {
      "nat_accepted": 497464
    },
    "confusion": {
      "labels": [
        0,
        1,
        2
      ],
      "matrix": [
        [
          233691,
          16098,
          12
        ],
        [
          15610,
          231914,
          139
        ],
        [
          0,
          0,
          0
        ]
      ],
      "total": 497464,
      "accuracy_from_confusion": 0.9359571747905376
    }
  },
  "attack": {
    "kind": "PGD",
    "steps": 5,
    "eps_z": 0.4,
    "alpha_z": 0.1
  }
}