{
  "scenario": "mixed_PGD",
  "timestamp": "2025-08-15T15:40:50.764227+00:00",
  "samples_total": 3000000,
  "nat_count": 1000000,
  "adv_count": 2000000,
  "tau": 0.045270271599292755,
  "detector_auroc_nat_vs_adv": 0.996037065252,
  "tpr_adv_at_tau": 0.998205,
  "fpr_nat_at_tau": 0.100372,
  "accept_rate_overall": 0.30107266666666666,
  "accept_rate_nat": 0.899628,
  "accept_rate_adv": 0.001795,
  "base_acc_accepted_nat": 0.9281002814496658,
  "base_auc_accepted_nat": 0.9712919500321026
}