{
  "samples": 400000,
  "accuracy": 0.8239375,
  "precision": 0.7416100749956182,
  "recall": 0.99431,
  "f1": 0.8495671249965289,
  "auroc": 0.974173860975,
  "avg_precision": 0.9731941582192104
}