{
  "samples": 400000,
  "accept_rate": 0.0,
  "reject_rate": 1.0,
  "gray_rate": 0.0,
  "tau_accept": 0.8370288610458374,
  "tau_reject": 0.9555678367614746,
  "block_rate_adv": 1.0
}