{
  "scenario": "NAT_pure",
  "timestamp": "2025-08-15T14:34:05.030439+00:00",
  "samples_nat": 2000000,
  "accept_rate_nat": 0.8998345,
  "tau": 0.045270271599292755,
  "base_acc_nat_full": 0.908009,
  "base_auc_nat_full": 0.9568573840660001,
  "base_acc_nat_accepted": 0.899121449555446,
  "base_auc_nat_accepted": 0.9472434817343719
}