{
  "scenario": "mixed_FGSM",
  "timestamp": "2025-08-15T15:06:03.359091+00:00",
  "samples_total": 3000000,
  "nat_count": 1000000,
  "adv_count": 2000000,
  "tau": 0.045270271599292755,
  "detector_auroc_nat_vs_adv": 0.99603117741325,
  "tpr_adv_at_tau": 0.998205,
  "fpr_nat_at_tau": 0.10023,
  "accept_rate_overall": 0.30112,
  "accept_rate_nat": 0.89977,
  "accept_rate_adv": 0.001795,
  "base_acc_accepted_nat": 0.9272191782344377,
  "base_auc_accepted_nat": 0.9677648484235871
}