{
  "acc_gap_train_val": 0.0018285046739318078,
  "acc_gap_train_test": 5.771018266043093e-06,
  "auc_gap_train_val": 0.0007504566051037553,
  "auc_gap_train_test": 0.00010368485454193
}