{
  "samples": 400001,
  "accuracy": 0.9062602343494142,
  "precision": 0.9053681899820395,
  "recall": 0.90736,
  "f1": 0.9063630006992308,
  "balanced_accuracy": 0.9062602370988145,
  "mcc": 0.8125224360256101,
  "kappa": 0.8125204697287888,
  "roc_auc": 0.9558598876505617,
  "pr_auc": 0.9629466352536189,
  "specificity": 0.905160474197629,
  "confusion": {
    "tn": 181033,
    "fp": 18968,
    "fn": 18528,
    "tp": 181472
  },
  "brier": 0.07551251434215617,
  "log_loss_ce": 0.2543809305009239,
  "ece": 0.015851494109674805,
  "threshold_used": 0.31
}