{
  "samples": 400001,
  "accuracy": 0.9065377336556658,
  "precision": 0.9203089218235486,
  "recall": 0.890155,
  "f1": 0.9049808487547243,
  "balanced_accuracy": 0.9065376926990365,
  "mcc": 0.8135122382347524,
  "kappa": 0.813075451998783,
  "roc_auc": 0.9558598876505617,
  "pr_auc": 0.9629466352536189,
  "specificity": 0.922920385398073,
  "confusion": {
    "tn": 184585,
    "fp": 15416,
    "fn": 21969,
    "tp": 178031
  },
  "brier": 0.07551251434215617,
  "log_loss_ce": 0.2543809305009239,
  "ece": 0.015851494109674805,
  "split": "test",
  "timestamp": "2025-08-22T11:25:22.499619+00:00"
}