{
  "samples": 1399999,
  "accuracy": 0.9065435046739319,
  "precision": 0.9198993706979867,
  "recall": 0.89064,
  "f1": 0.905033261113349,
  "balanced_accuracy": 0.9065435160335944,
  "mcc": 0.813498624271586,
  "kappa": 0.8130870135943231,
  "roc_auc": 0.9559635725051037,
  "pr_auc": 0.9629934498120544,
  "specificity": 0.9224470320671887,
  "confusion": {
    "tn": 645712,
    "fp": 54287,
    "fn": 76552,
    "tp": 623448
  },
  "brier": 0.07543713703277682,
  "log_loss_ce": 0.2541309374781053,
  "ece": 0.01652029353984826,
  "split": "train",
  "timestamp": "2025-09-01T10:38:53.308136+00:00"
}