{
  "samples": 200000,
  "accuracy": 0.904715,
  "precision": 0.9178738474564021,
  "recall": 0.88897,
  "f1": 0.9031907381725264,
  "balanced_accuracy": 0.9047149999999999,
  "mcc": 0.809831622245985,
  "kappa": 0.80943,
  "roc_auc": 0.9552131158999999,
  "pr_auc": 0.9623967224133333,
  "specificity": 0.92046,
  "confusion": {
    "tn": 92046,
    "fp": 7954,
    "fn": 11103,
    "tp": 88897
  },
  "brier": 0.07643175619942279,
  "log_loss_ce": 0.2566347545051856,
  "ece": 0.015372120339037574,
  "split": "val",
  "timestamp": "2025-09-01T10:38:53.552260+00:00"
}