{
  "confusion_metrics": {
    "tn": 184585,
    "fp": 15416,
    "fn": 21969,
    "tp": 178031,
    "tpr_recall": 0.890155,
    "tnr_specificity": 0.922920385398073,
    "fpr": 0.07707961460192699,
    "fnr": 0.109845,
    "precision": 0.9203089218235486,
    "recall": 0.890155,
    "balanced_accuracy": 0.9065376926990365
  },
  "feature_importance": {
    "raw": {
      "url_length": 0.1123655436483529,
      "digit_count": 0.0961959866948694,
      "special_char_count": 0.1012602180059762,
      "hostname_length": 0.3395260434031297,
      "path_length": 0.5547269090607662,
      "entropy": 0.157525862004456,
      "num_tokens": 0.5848888186521832,
      "query_length": 0.0816788627833401,
      "dot_count": 0.043472554456777356,
      "semicolon_count": 0.0,
      "underscore_count": 0.0,
      "question_mark_count": 0.3630841440412144,
      "hash_char_count": 0.0,
      "equal_count": 0.10484291398246433,
      "percent_char_count": 0.0,
      "ampersand_count": 0.1012602180059762,
      "dash_count": 0.7169090982814511,
      "at_char_count": 0.0,
      "tilde_char_count": 0.0,
      "double_slash_count": 0.0,
      "digit_alphabet_ratio": 0.02522728187926113,
      "special_char_alphabet_ratio": 0.09526417786153331,
      "uppercase_lowercase_ratio": 0.0,
      "domain_url_ratio": 0.8219391261991874,
      "ip_as_hostname": 0.011633743543826501,
      "exe_in_url": 0.0007495047343349883,
      "https_in_url": 0.6644305132450823,
      "ftp_used": 0.0,
      "js_used": 0.004525159514171007,
      "css_used": 0.00028470481930405005
    },
    "normalized": {
      "url_length": 0.13670786566391344,
      "digit_count": 0.11703541494575039,
      "special_char_count": 0.12319673656883072,
      "hostname_length": 0.4130793054872162,
      "path_length": 0.6749002345537868,
      "entropy": 0.19165149459776593,
      "num_tokens": 0.7115962727760964,
      "query_length": 0.0993733722849278,
      "dot_count": 0.05289023611493376,
      "semicolon_count": 0.0,
      "underscore_count": 0.0,
      "question_mark_count": 0.4417409178708755,
      "hash_char_count": 0.0,
      "equal_count": 0.1275555702856964,
      "percent_char_count": 0.0,
      "ampersand_count": 0.12319673656883072,
      "dash_count": 0.8722167803309031,
      "at_char_count": 0.0,
      "tilde_char_count": 0.0,
      "double_slash_count": 0.0,
      "digit_alphabet_ratio": 0.03069239688821869,
      "special_char_alphabet_ratio": 0.1159017436024175,
      "uppercase_lowercase_ratio": 0.0,
      "domain_url_ratio": 1.0,
      "ip_as_hostname": 0.014154020867242666,
      "exe_in_url": 0.0009118737756174835,
      "https_in_url": 0.8083694912025216,
      "ftp_used": 0.0,
      "js_used": 0.005505467947603686,
      "css_used": 0.0003463818794228505
    }
  }
}