{
  "model": "XGBoost",
  "attack": "PGD",
  "samples_evaluated": 50000,
  "accuracy": 0.52846,
  "precision": 0.519526,
  "recall": 0.714922,
  "f1_score": 0.60176,
  "auc_roc": 0.67978,
  "timestamp": "2025-08-10T13:01:12.725604+00:00"
}