{
  "acc_gap_train_val": 0.0012106671254765722,
  "acc_gap_train_test": 0.00037050113839154353,
  "auc_gap_train_val": 0.0004965685089804994,
  "auc_gap_train_test": 0.00029986698929151956
}