{
  "model": "DL-MLP",
  "samples_evaluated": 400001,
  "accuracy": 0.933405,
  "precision": 0.931116,
  "recall": 0.93606,
  "f1_score": 0.933581,
  "auc_roc": 0.974952,
  "timestamp": "2025-08-22T11:43:40.889222+00:00"
}