{
  "samples": 200000,
  "accuracy": 0.932485,
  "precision": 0.929320904930661,
  "recall": 0.93617,
  "f1": 0.9327328793396334,
  "balanced_accuracy": 0.932485,
  "mcc": 0.8649934922015186,
  "kappa": 0.86497,
  "roc_auc": 0.9747710778,
  "pr_auc": 0.9790759394044486,
  "specificity": 0.9288,
  "confusion": {
    "tn": 92880,
    "fp": 7120,
    "fn": 6383,
    "tp": 93617
  },
  "brier": 0.05434065256402055,
  "log_loss_ce": 0.1833381849593022,
  "ece": 0.0033604279229696777,
  "split": "val"
}