{
  "model": "DL-MLP",
  "samples_evaluated": 400001,
  "accuracy": 0.933605,
  "precision": 0.930865,
  "recall": 0.936785,
  "f1_score": 0.933815,
  "auc_roc": 0.975019,
  "timestamp": "2025-09-01T10:58:47.073434+00:00"
}