{
  "samples": 1399999,
  "accuracy": 0.9336706669076192,
  "precision": 0.930726391736487,
  "recall": 0.9370885714285714,
  "f1": 0.9338966461059878,
  "balanced_accuracy": 0.9336706644662554,
  "mcc": 0.8673615980315934,
  "kappa": 0.8673413331674436,
  "roc_auc": 0.9752189317484738,
  "pr_auc": 0.9794595341287501,
  "specificity": 0.9302527575039393,
  "confusion": {
    "tn": 651176,
    "fp": 48823,
    "fn": 44038,
    "tp": 655962
  },
  "brier": 0.05361013386156791,
  "log_loss_ce": 0.18146635996856783,
  "ece": 0.002821586267843849,
  "split": "train"
}