{
  "samples": 400001,
  "accuracy": 0.9334051664870838,
  "precision": 0.9311157752335101,
  "recall": 0.93606,
  "f1": 0.933581341538216,
  "balanced_accuracy": 0.9334051731241344,
  "mcc": 0.8668225552738609,
  "kappa": 0.8668103347414191,
  "roc_auc": 0.9749521478767607,
  "pr_auc": 0.9793284237437188,
  "specificity": 0.9307503462482688,
  "confusion": {
    "tn": 186151,
    "fp": 13850,
    "fn": 12788,
    "tp": 187212
  },
  "brier": 0.053838638759687835,
  "log_loss_ce": 0.18221457827987275,
  "ece": 0.0032267112986397043,
  "split": "test"
}