{
  "samples": 400001,
  "accuracy": 0.933605165987085,
  "precision": 0.9308647005047895,
  "recall": 0.936785,
  "f1": 0.9338154668155266,
  "balanced_accuracy": 0.9336051739366302,
  "mcc": 0.8672278736840986,
  "kappa": 0.8672103340846853,
  "roc_auc": 0.975018562219689,
  "pr_auc": 0.9793866237603105,
  "specificity": 0.9304253478732606,
  "confusion": {
    "tn": 186086,
    "fp": 13915,
    "fn": 12643,
    "tp": 187357
  },
  "brier": 0.0536168385141774,
  "log_loss_ce": 0.181572344298093,
  "ece": 0.003409974328353875,
  "threshold_used": 0.5
}