{
  "samples": 200000,
  "accuracy": 0.932765,
  "precision": 0.9291132462742066,
  "recall": 0.93702,
  "f1": 0.9330498727912732,
  "balanced_accuracy": 0.932765,
  "mcc": 0.8655613425869617,
  "kappa": 0.86553,
  "roc_auc": 0.9748218607,
  "pr_auc": 0.9791251687213383,
  "specificity": 0.92851,
  "confusion": {
    "tn": 92851,
    "fp": 7149,
    "fn": 6298,
    "tp": 93702
  },
  "brier": 0.054121016152695774,
  "log_loss_ce": 0.18272069688852857,
  "ece": 0.0035436611054651267,
  "split": "val"
}