{
  "samples": 400001,
  "accuracy": 0.9334026664933338,
  "precision": 0.9308068884968067,
  "recall": 0.936415,
  "f1": 0.9336025224012662,
  "balanced_accuracy": 0.9334026740241299,
  "mcc": 0.8668210681289801,
  "kappa": 0.8668053349920697,
  "roc_auc": 0.9749521478767607,
  "pr_auc": 0.9793284237437188,
  "specificity": 0.9303903480482597,
  "confusion": {
    "tn": 186079,
    "fp": 13922,
    "fn": 12717,
    "tp": 187283
  },
  "brier": 0.053838638759687835,
  "log_loss_ce": 0.18221457827987275,
  "ece": 0.0032267112986397043,
  "threshold_used": 0.49
}