{
  "samples": 1399999,
  "accuracy": 0.9339756671254765,
  "precision": 0.9305607524321382,
  "recall": 0.9379414285714286,
  "f1": 0.9342365134836704,
  "balanced_accuracy": 0.9339756642927857,
  "mcc": 0.8679786351801589,
  "kappa": 0.8679513335027885,
  "roc_auc": 0.9753184292089805,
  "pr_auc": 0.9795458810511966,
  "specificity": 0.9300099000141429,
  "confusion": {
    "tn": 651006,
    "fp": 48993,
    "fn": 43441,
    "tp": 656559
  },
  "brier": 0.053356951196551906,
  "log_loss_ce": 0.18074113735823247,
  "ece": 0.0030089731527707404,
  "split": "train"
}