{
  "confusion_metrics": {
    "tn": 186086,
    "fp": 13915,
    "fn": 12643,
    "tp": 187357,
    "tpr_recall": 0.936785,
    "tnr_specificity": 0.9304253478732606,
    "fpr": 0.06957465212673937,
    "fnr": 0.063215,
    "precision": 0.9308647005047895,
    "recall": 0.936785,
    "balanced_accuracy": 0.9336051739366302
  },
  "feature_importance": {
    "raw": {
      "url_length": 0.20713216866415665,
      "digit_count": 0.03256921343726619,
      "special_char_count": 0.05390882585587072,
      "hostname_length": 0.026584004029979885,
      "path_length": 0.15840458638540142,
      "entropy": 0.004976670033316477,
      "num_tokens": 0.33891809737201317,
      "query_length": 0.038962765907003906,
      "dot_count": 0.28485450770246157,
      "semicolon_count": 0.0,
      "underscore_count": 0.0,
      "question_mark_count": 0.014212605745304696,
      "hash_char_count": 0.0,
      "equal_count": 0.009949763067851372,
      "percent_char_count": 0.0,
      "ampersand_count": 0.004753648548423972,
      "dash_count": 0.02599770007399978,
      "at_char_count": 0.0,
      "tilde_char_count": 0.0,
      "double_slash_count": 0.0,
      "digit_alphabet_ratio": 0.09903186498234173,
      "special_char_alphabet_ratio": 0.07775154505477481,
      "uppercase_lowercase_ratio": 0.0,
      "domain_url_ratio": 0.15958052003906653,
      "ip_as_hostname": 0.022869767113664508,
      "exe_in_url": -5.627221862924969e-07,
      "https_in_url": 0.06812347134514334,
      "ftp_used": 0.0,
      "js_used": 4.2147805927742844e-05,
      "css_used": 1.5344673277202976e-06
    },
    "normalized": {
      "url_length": 0.6111576486487118,
      "digit_count": 0.09609909395487401,
      "special_char_count": 0.1590629107381499,
      "hostname_length": 0.07843937169106366,
      "path_length": 0.46738397072489424,
      "entropy": 0.01468562620340642,
      "num_tokens": 1.0,
      "query_length": 0.11496365711572412,
      "dot_count": 0.8404821096173191,
      "semicolon_count": 1.6603458367742079e-06,
      "underscore_count": 1.6603458367742079e-06,
      "question_mark_count": 0.04193681299088272,
      "hash_char_count": 1.6603458367742079e-06,
      "equal_count": 0.02935903790978065,
      "percent_char_count": 1.6603458367742079e-06,
      "ampersand_count": 0.014027587826792639,
      "dash_count": 0.07670944641690748,
      "at_char_count": 1.6603458367742079e-06,
      "tilde_char_count": 1.6603458367742079e-06,
      "double_slash_count": 1.6603458367742079e-06,
      "digit_alphabet_ratio": 0.29220116613526925,
      "special_char_alphabet_ratio": 0.22941229543203845,
      "uppercase_lowercase_ratio": 1.6603458367742079e-06,
      "domain_url_ratio": 0.47085363407520453,
      "ip_as_hostname": 0.06748029108073952,
      "exe_in_url": 0.0,
      "https_in_url": 0.20100408177111037,
      "ftp_used": 1.6603458367742079e-06,
      "js_used": 0.00012601999577764272,
      "css_used": 6.187884471837281e-06
    }
  }
}