{
  "samples": 400000,
  "accuracy": 0.79021,
  "precision": 0.7487421895758157,
  "recall": 0.873565,
  "f1": 0.8063515652763867,
  "auroc": 0.8079526506125,
  "avg_precision": 0.7396679672084443
}