{
  "model": "AdaBoost",
  "attack": "NAT",
  "samples_evaluated": 50000,
  "accuracy": 0.92802,
  "precision": 0.928173,
  "recall": 0.927316,
  "f1_score": 0.927744,
  "auc_roc": 0.96403,
  "timestamp": "2025-08-11T15:09:07.087896+00:00"
}