{
  "samples": 400000,
  "accuracy": 0.9061125,
  "precision": 0.9195268717233542,
  "recall": 0.890125,
  "f1": 0.9045870860380331,
  "auroc": 0.95565678425,
  "avg_precision": 0.9627237709683222
}