{
  "accuracy": 0.795665,
  "precision": 0.7294787414042005,
  "recall": 0.939875,
  "f1": 0.8214182711215599,
  "reject_rate": 0.421075
}