{
  "samples": 400000,
  "accept_rate": 0.90146,
  "reject_rate": 0.421075,
  "gray_rate": 0.0,
  "tau_accept": 0.8370288610458374,
  "tau_reject": 0.9555678367614746,
  "false_block_rate_nat": 0.421075
}