{
  "model": "Gaussian_Naive_Bayes",
  "attack": "PGD",
  "samples_evaluated": 50000,
  "accuracy": 0.25928,
  "precision": 0.340728,
  "recall": 0.520308,
  "f1_score": 0.411791,
  "auc_roc": 0.259913,
  "timestamp": "2025-08-10T13:06:08.919681+00:00"
}