{
  "model": "Calibrated_LinearSVC",
  "attack": "NAT",
  "samples_evaluated": 50000,
  "accuracy": 0.90774,
  "precision": 0.922821,
  "recall": 0.889228,
  "f1_score": 0.905713,
  "auc_roc": 0.956688,
  "timestamp": "2025-08-10T12:52:15.389310+00:00"
}