{
  "model": "DL-CharTransformer",
  "attack": "NAT",
  "samples_evaluated": 30000,
  "accuracy": 0.954767,
  "precision": 0.953918,
  "recall": 0.955134,
  "f1_score": 0.954526,
  "auc_roc": 0.990993,
  "timestamp": "2025-08-10T12:50:33.178802+00:00"
}