{
  "samples": 400000,
  "accuracy": 0.9302925,
  "precision": 0.926875362721415,
  "recall": 0.934295,
  "f1": 0.930570392005996,
  "auroc": 0.970011854525,
  "avg_precision": 0.9769956773067542
}