{
  "scenario": "NAT_pure",
  "timestamp": "2025-08-16T13:04:10.106733+00:00",
  "samples_nat": 2000000,
  "accept_rate_nat": 0.8998345,
  "tau": 0.045270271599292755,
  "base_acc_nat_full": 0.9345935,
  "base_auc_nat_full": 0.976671609569,
  "base_acc_nat_accepted": 0.9277161522479968,
  "base_auc_nat_accepted": 0.9711453408314765
}