{
  "scenario": "mixed_PGD",
  "timestamp": "2025-08-17T14:15:27.552367+00:00",
  "attack_base_model": "Logistic_Regression",
  "threeclass_model": "Logistic_Regression",
  "lenient_tau_3c": 0.3103448152542114,
  "stream_counts": {
    "nat": 500000,
    "adv": 500000,
    "total": 1000000
  },
  "three_class": {
    "accuracy": 0.677011,
    "f1_macro": 0.6807137396139021,
    "auc_ovr": 0.745268368763159,
    "per_class": {
      "0": {
        "precision": 0.5497500929997424,
        "recall": 0.9228949327867672,
        "f1": 0.6890480275211535,
        "support": 249802
      },
      "1": {
        "precision": 0.6402347854519366,
        "recall": 0.8060855802204654,
        "f1": 0.713651056511839,
        "support": 250198
      },
      "2": {
        "precision": 0.921530833894885,
        "recall": 0.489578,
        "f1": 0.6394421348087138,
        "support": 500000
      }
    },
    "counts": {
      "total": 1000000,
      "nat": 500000,
      "adv": 500000
    },
    "adv_pred2_rate": 0.489578,
    "confusion": {
      "labels": [
        0,
        1,
        2
      ],
      "matrix": [
        [
          230541,
          17342,
          1919
        ],
        [
          29592,
          201681,
          18925
        ],
        [
          159223,
          95988,
          244789
        ]
      ],
      "total": 1000000,
      "accuracy_from_confusion": 0.677011
    }
  },
  "nat_only_slice": {
    "accuracy": 0.864444,
    "f1_macro": 0.8819197128491477,
    "per_class": {
      "0": {
        "precision": 0.8862428065643344,
        "recall": 0.9228949327867672,
        "f1": 0.9041975938109759,
        "support": 249802
      },
      "1": {
        "precision": 0.9208211009802624,
        "recall": 0.8060855802204654,
        "f1": 0.8596418318873196,
        "support": 250198
      }
    },
    "counts": {
      "nat_total": 500000
    },
    "confusion": {
      "labels": [
        0,
        1,
        2
      ],
      "matrix": [
        [
          230541,
          17342,
          1919
        ],
        [
          29592,
          201681,
          18925
        ],
        [
          0,
          0,
          0
        ]
      ],
      "total": 500000,
      "accuracy_from_confusion": 0.864444
    }
  },
  "attack": {
    "kind": "PGD",
    "steps": 5,
    "eps_z": 0.4,
    "alpha_z": 0.1
  }
}