{
  "scenario": "mixed_PGD",
  "timestamp": "2025-08-17T14:47:38.977167+00:00",
  "attack_base_model": "LightGBM",
  "threeclass_model": "LightGBM",
  "lenient_tau_3c": 0.3103448152542114,
  "stream_counts": {
    "nat": 500000,
    "adv": 500000,
    "total": 1000000
  },
  "three_class": {
    "accuracy": 0.85978,
    "f1_macro": 0.8615400333142419,
    "auc_ovr": 0.9590697826612683,
    "per_class": {
      "0": {
        "precision": 0.9370287981723081,
        "recall": 0.9358772147540853,
        "f1": 0.9364526524293156,
        "support": 249802
      },
      "1": {
        "precision": 0.6536884903040139,
        "recall": 0.9369139641404008,
        "f1": 0.7700854139290407,
        "support": 250198
      },
      "2": {
        "precision": 0.9991809197684121,
        "recall": 0.783164,
        "f1": 0.8780820335843696,
        "support": 500000
      }
    },
    "counts": {
      "total": 1000000,
      "nat": 500000,
      "adv": 500000
    },
    "adv_pred2_rate": 0.783164,
    "confusion": {
      "labels": [
        0,
        1,
        2
      ],
      "matrix": [
        [
          233784,
          15996,
          22
        ],
        [
          15485,
          234414,
          299
        ],
        [
          226,
          108192,
          391582
        ]
      ],
      "total": 1000000,
      "accuracy_from_confusion": 0.85978
    }
  },
  "nat_only_slice": {
    "accuracy": 0.936396,
    "f1_macro": 0.9366969560154221,
    "per_class": {
      "0": {
        "precision": 0.9378783563138617,
        "recall": 0.9358772147540853,
        "f1": 0.9368767169400747,
        "support": 249802
      },
      "1": {
        "precision": 0.9361207619504014,
        "recall": 0.9369139641404008,
        "f1": 0.9365171950907696,
        "support": 250198
      }
    },
    "counts": {
      "nat_total": 500000
    },
    "confusion": {
      "labels": [
        0,
        1,
        2
      ],
      "matrix": [
        [
          233784,
          15996,
          22
        ],
        [
          15485,
          234414,
          299
        ],
        [
          0,
          0,
          0
        ]
      ],
      "total": 500000,
      "accuracy_from_confusion": 0.936396
    }
  },
  "attack": {
    "kind": "PGD",
    "steps": 5,
    "eps_z": 0.4,
    "alpha_z": 0.1
  }
}