{
  "train": {
    "counts": {
      "0": 699999,
      "1": 700000
    },
    "ratio_pos": 0.5000003571431122
  },
  "val": {
    "counts": {
      "0": 100000,
      "1": 100000
    },
    "ratio_pos": 0.5
  },
  "test": {
    "counts": {
      "0": 200001,
      "1": 200000
    },
    "ratio_pos": 0.499998750003125
  }
}