{
  "samples": 400000,
  "accuracy": 0.93286,
  "precision": 0.9308608058608059,
  "recall": 0.93518,
  "f1": 0.9330154042621119,
  "auroc": 0.9731377459125,
  "avg_precision": 0.9764260262256561
}