{
  "accuracy": 0.80753,
  "precision": 0.736158252829783,
  "recall": 0.95864,
  "f1": 0.8327961706526744,
  "reject_rate": 0.421075
}