{
  "model": "Decision_Tree",
  "attack": "PGD",
  "samples_evaluated": 50000,
  "accuracy": 0.76006,
  "precision": 0.719479,
  "recall": 0.849856,
  "f1_score": 0.779252,
  "auc_roc": 0.749343,
  "timestamp": "2025-08-12T17:10:30.403718+00:00"
}