{
  "model": "DL-FTTransformer",
  "attack": "FGSM",
  "samples_evaluated": 50000,
  "accuracy": 0.50328,
  "precision": 0.501358,
  "recall": 0.592671,
  "f1_score": 0.543204,
  "auc_roc": 0.483619,
  "timestamp": "2025-08-12T17:06:27.577948+00:00"
}