{
  "scenario": "NAT_pure",
  "timestamp": "2025-08-15T14:43:23.749889+00:00",
  "samples_nat": 2000000,
  "accept_rate_nat": 0.8998345,
  "tau": 0.045270271599292755,
  "base_acc_nat_full": 0.906366,
  "base_auc_nat_full": 0.9558665093154999,
  "base_acc_nat_accepted": 0.8974200255713689,
  "base_auc_nat_accepted": 0.9460642607645477
}