{
  "model": "DL-CharTransformer",
  "attack": "PGD",
  "samples_evaluated": 30000,
  "accuracy": 0.2417,
  "precision": 0.264427,
  "recall": 0.295017,
  "f1_score": 0.278885,
  "auc_roc": 0.192836,
  "timestamp": "2025-08-10T12:52:11.669475+00:00"
}