{
  "scenario": "mixed_PGD",
  "timestamp": "2025-08-17T14:28:39.320469+00:00",
  "attack_base_model": "AdaBoost",
  "threeclass_model": "AdaBoost",
  "lenient_tau_3c": 0.3103448152542114,
  "stream_counts": {
    "nat": 500000,
    "adv": 500000,
    "total": 1000000
  },
  "three_class": {
    "accuracy": 0.844536,
    "f1_macro": 0.829940413759685,
    "auc_ovr": 0.94090417003529,
    "per_class": {
      "0": {
        "precision": 0.8027578832621065,
        "recall": 0.925661123609899,
        "f1": 0.8598398435248555,
        "support": 249802
      },
      "1": {
        "precision": 0.7658282005879712,
        "recall": 0.7225717231952293,
        "f1": 0.7435713933172104,
        "support": 250198
      },
      "2": {
        "precision": 0.908867020952453,
        "recall": 0.865036,
        "f1": 0.8864100044369891,
        "support": 500000
      }
    },
    "counts": {
      "total": 1000000,
      "nat": 500000,
      "adv": 500000
    },
    "adv_pred2_rate": 0.865036,
    "confusion": {
      "labels": [
        0,
        1,
        2
      ],
      "matrix": [
        [
          231232,
          18570,
          0
        ],
        [
          26043,
          180786,
          43369
        ],
        [
          30772,
          36710,
          432518
        ]
      ],
      "total": 1000000,
      "accuracy_from_confusion": 0.844536
    }
  },
  "nat_only_slice": {
    "accuracy": 0.824036,
    "f1_macro": 0.8581548768412595,
    "per_class": {
      "0": {
        "precision": 0.8987736857448255,
        "recall": 0.925661123609899,
        "f1": 0.912019279123289,
        "support": 249802
      },
      "1": {
        "precision": 0.9068500571841329,
        "recall": 0.7225717231952293,
        "f1": 0.8042904745592299,
        "support": 250198
      }
    },
    "counts": {
      "nat_total": 500000
    },
    "confusion": {
      "labels": [
        0,
        1,
        2
      ],
      "matrix": [
        [
          231232,
          18570,
          0
        ],
        [
          26043,
          180786,
          43369
        ],
        [
          0,
          0,
          0
        ]
      ],
      "total": 500000,
      "accuracy_from_confusion": 0.824036
    }
  },
  "attack": {
    "kind": "PGD",
    "steps": 5,
    "eps_z": 0.4,
    "alpha_z": 0.1
  }
}