{
  "model": "DL-MLP",
  "attack": "FGSM",
  "samples_evaluated": 50000,
  "accuracy": 0.46358,
  "precision": 0.473221,
  "recall": 0.67555,
  "f1_score": 0.556568,
  "auc_roc": 0.46058,
  "timestamp": "2025-08-10T12:49:26.194616+00:00"
}