{
  "model": "XGBoost",
  "attack": "FGSM",
  "samples_evaluated": 50000,
  "accuracy": 0.55092,
  "precision": 0.5352,
  "recall": 0.751204,
  "f1_score": 0.625067,
  "auc_roc": 0.69268,
  "timestamp": "2025-08-10T13:00:07.325201+00:00"
}