{
  "samples": 400000,
  "accuracy": 0.9339775,
  "precision": 0.9318248531072603,
  "recall": 0.93647,
  "f1": 0.934141651932558,
  "auroc": 0.97610378595,
  "avg_precision": 0.9802320446074501
}