{
  "accuracy": 0.8081425,
  "precision": 0.7364987508970133,
  "recall": 0.95961,
  "f1": 0.8333800128965864,
  "reject_rate": 0.421075
}