{
  "scenario": "mixed_PGD",
  "timestamp": "2025-08-15T14:43:19.631973+00:00",
  "samples_total": 3000000,
  "nat_count": 1000000,
  "adv_count": 2000000,
  "tau": 0.045270271599292755,
  "detector_auroc_nat_vs_adv": 0.99838931090875,
  "tpr_adv_at_tau": 0.998879,
  "fpr_nat_at_tau": 0.100342,
  "accept_rate_overall": 0.3006333333333333,
  "accept_rate_nat": 0.899658,
  "accept_rate_adv": 0.001121,
  "base_acc_accepted_nat": 0.8991527891709961,
  "base_auc_accepted_nat": 0.9473348703401854
}