{
  "acc_gap_train_val": 0.001827810005578523,
  "acc_gap_train_test": 0.001042642418497497,
  "auc_gap_train_val": 0.001357265375136807,
  "auc_gap_train_test": 0.000985534556871226
}