{
  "samples": 200000,
  "accuracy": 0.93218,
  "precision": 0.9295084573950031,
  "recall": 0.93529,
  "f1": 0.9323902662718944,
  "balanced_accuracy": 0.93218,
  "mcc": 0.8643767208378904,
  "kappa": 0.86436,
  "roc_auc": 0.9727046160999999,
  "pr_auc": 0.9760212546130659,
  "specificity": 0.92907,
  "confusion": {
    "tn": 92907,
    "fp": 7093,
    "fn": 6471,
    "tp": 93529
  },
  "brier": 0.05506227169502009,
  "log_loss_ce": 0.19403568193577383,
  "ece": 0.002461651031641683,
  "split": "val",
  "timestamp": "2025-09-01T10:39:21.272539+00:00"
}