{
  "samples": 400001,
  "accuracy": 0.9331051672370819,
  "precision": 0.9299875899726979,
  "recall": 0.93673,
  "f1": 0.9333466185079088,
  "balanced_accuracy": 0.9331051762991185,
  "mcc": 0.8662331027714926,
  "kappa": 0.8662103368982532,
  "roc_auc": 0.9730763469182655,
  "pr_auc": 0.9764086667773147,
  "specificity": 0.929480352598237,
  "confusion": {
    "tn": 185897,
    "fp": 14104,
    "fn": 12654,
    "tp": 187346
  },
  "brier": 0.05453276427736615,
  "log_loss_ce": 0.1923010563374184,
  "ece": 0.0014333672422417215,
  "threshold_used": 0.41000000000000003
}