{
  "samples": 400001,
  "accuracy": 0.932965167587081,
  "precision": 0.9314463089923469,
  "recall": 0.934725,
  "f1": 0.9330827743172018,
  "balanced_accuracy": 0.9329651719866401,
  "mcc": 0.865935700987686,
  "kappa": 0.8659303363531312,
  "roc_auc": 0.9730763469182655,
  "pr_auc": 0.9764086667773147,
  "specificity": 0.9312053439732801,
  "confusion": {
    "tn": 186242,
    "fp": 13759,
    "fn": 13055,
    "tp": 186945
  },
  "brier": 0.05453276427736615,
  "log_loss_ce": 0.1923010563374184,
  "ece": 0.0014333672422417215,
  "split": "test",
  "timestamp": "2025-08-22T11:25:51.324793+00:00"
}