{
  "samples": 1399999,
  "accuracy": 0.9340078100055785,
  "precision": 0.9317142211592979,
  "recall": 0.9366642857142857,
  "f1": 0.9341826961094065,
  "balanced_accuracy": 0.9340078081080931,
  "mcc": 0.8680278702873481,
  "kappa": 0.8680156195102218,
  "roc_auc": 0.9740618814751367,
  "pr_auc": 0.9772985181009938,
  "specificity": 0.9313513305019007,
  "confusion": {
    "tn": 651945,
    "fp": 48054,
    "fn": 44335,
    "tp": 655665
  },
  "brier": 0.05373949303159063,
  "log_loss_ce": 0.18188275793405,
  "ece": 1.0884906353567311e-07,
  "split": "train",
  "timestamp": "2025-08-22T11:25:50.852832+00:00"
}