{
  "confusion_metrics": {
    "tn": 186242,
    "fp": 13759,
    "fn": 13055,
    "tp": 186945,
    "tpr_recall": 0.934725,
    "tnr_specificity": 0.9312053439732801,
    "fpr": 0.06879465602671987,
    "fnr": 0.065275,
    "precision": 0.9314463089923469,
    "recall": 0.934725,
    "balanced_accuracy": 0.9329651719866401
  },
  "feature_importance": {
    "raw": {
      "url_length": 0.002253057827999849,
      "digit_count": 0.0,
      "special_char_count": 0.0,
      "hostname_length": 0.023796235943164542,
      "path_length": 0.06592728012802562,
      "entropy": 0.0027948789143908163,
      "num_tokens": 0.14668445948344444,
      "query_length": 0.0,
      "dot_count": 0.04579817464417459,
      "semicolon_count": 0.0,
      "underscore_count": 0.0,
      "question_mark_count": 0.0,
      "hash_char_count": 0.0,
      "equal_count": 0.016405173759165607,
      "percent_char_count": 0.0,
      "ampersand_count": 5.187829249923524e-13,
      "dash_count": 0.026091338389930885,
      "at_char_count": 0.0,
      "tilde_char_count": 0.0,
      "double_slash_count": 0.0,
      "digit_alphabet_ratio": 0.005188978799979138,
      "special_char_alphabet_ratio": 0.0,
      "uppercase_lowercase_ratio": 0.0,
      "domain_url_ratio": 0.0019616129718044895,
      "ip_as_hostname": 4.516219384413608e-12,
      "exe_in_url": 3.621329464704906e-15,
      "https_in_url": 0.6630940983870803,
      "ftp_used": 0.0,
      "js_used": 4.710745801033265e-06,
      "css_used": 0.0
    },
    "normalized": {
      "url_length": 0.003397795024085148,
      "digit_count": 0.0,
      "special_char_count": 0.0,
      "hostname_length": 0.035886665257686426,
      "path_length": 0.09942371721960441,
      "entropy": 0.004214905427735099,
      "num_tokens": 0.22121213239605336,
      "query_length": 0.0,
      "dot_count": 0.06906738388348613,
      "semicolon_count": 0.0,
      "underscore_count": 0.0,
      "question_mark_count": 0.0,
      "hash_char_count": 0.0,
      "equal_count": 0.02474034047214383,
      "percent_char_count": 0.0,
      "ampersand_count": 7.823669766542147e-13,
      "dash_count": 0.03934786699715143,
      "at_char_count": 0.0,
      "tilde_char_count": 0.0,
      "double_slash_count": 0.0,
      "digit_alphabet_ratio": 0.00782540338181396,
      "special_char_alphabet_ratio": 0.0,
      "uppercase_lowercase_ratio": 0.0,
      "domain_url_ratio": 0.002958272402930361,
      "ip_as_hostname": 6.81082729494792e-12,
      "exe_in_url": 5.461260284948215e-15,
      "https_in_url": 1.0,
      "ftp_used": 0.0,
      "js_used": 7.104189001970838e-06,
      "css_used": 0.0
    }
  }
}