{
  "samples": 400001,
  "accuracy": 0.908007729980675,
  "precision": 0.9248153180590045,
  "recall": 0.888225,
  "f1": 0.90615093078832,
  "balanced_accuracy": 0.9080076805240974,
  "mcc": 0.816654880406992,
  "kappa": 0.8160154417619185,
  "roc_auc": 0.9568397543387283,
  "pr_auc": 0.9637580266873542,
  "specificity": 0.9277903610481948,
  "confusion": {
    "tn": 185559,
    "fp": 14442,
    "fn": 22355,
    "tp": 177645
  },
  "brier": 0.07452188681679806,
  "log_loss_ce": 0.25086757020888206,
  "ece": 0.02392239634615976,
  "split": "test",
  "timestamp": "2025-08-22T11:24:34.195249+00:00"
}