{
  "samples": 1399999,
  "accuracy": 0.9081663629759735,
  "precision": 0.9243190421665902,
  "recall": 0.8891328571428572,
  "f1": 0.9063845930361677,
  "balanced_accuracy": 0.9081663765713544,
  "mcc": 0.8169248522593745,
  "kappa": 0.8163327309459235,
  "roc_auc": 0.9569479547980988,
  "pr_auc": 0.9638056492718978,
  "specificity": 0.9271998959998514,
  "confusion": {
    "tn": 649039,
    "fp": 50960,
    "fn": 77607,
    "tp": 622393
  },
  "brier": 0.0744526257727908,
  "log_loss_ce": 0.25061765600940095,
  "ece": 0.024527322651086265,
  "split": "train",
  "timestamp": "2025-09-01T10:38:09.730890+00:00"
}