{
  "samples": 400001,
  "accuracy": 0.912162719593201,
  "precision": 0.9182543749714593,
  "recall": 0.90488,
  "f1": 0.9115181307874597,
  "balanced_accuracy": 0.912162701386493,
  "mcc": 0.8244128821507637,
  "kappa": 0.8243254327885858,
  "roc_auc": 0.9568397543387283,
  "pr_auc": 0.9637580266873542,
  "specificity": 0.9194454027729861,
  "confusion": {
    "tn": 183890,
    "fp": 16111,
    "fn": 19024,
    "tp": 180976
  },
  "brier": 0.07452188681679806,
  "log_loss_ce": 0.25086757020888206,
  "ece": 0.02392239634615976,
  "threshold_used": 0.4
}