{
  "model": "Logistic Regression",
  "samples_evaluated": 400001,
  "accuracy": 0.908008,
  "precision": 0.924815,
  "recall": 0.888225,
  "f1_score": 0.906151,
  "auc_roc": 0.95684,
  "timestamp": "2025-08-14T17:20:58.465869+00:00"
}