{
  "samples": 200000,
  "accuracy": 0.90691,
  "precision": 0.9231153166268067,
  "recall": 0.88776,
  "f1": 0.905092521792323,
  "balanced_accuracy": 0.90691,
  "mcc": 0.8144175496950748,
  "kappa": 0.81382,
  "roc_auc": 0.9562571553,
  "pr_auc": 0.9632496496400086,
  "specificity": 0.92606,
  "confusion": {
    "tn": 92606,
    "fp": 7394,
    "fn": 11224,
    "tp": 88776
  },
  "brier": 0.07529578409073884,
  "log_loss_ce": 0.2527624888535687,
  "ece": 0.02343545371732697,
  "split": "val",
  "timestamp": "2025-09-01T10:38:09.952930+00:00"
}