{
  "confusion_metrics": {
    "tn": 185559,
    "fp": 14442,
    "fn": 22355,
    "tp": 177645,
    "tpr_recall": 0.888225,
    "tnr_specificity": 0.9277903610481948,
    "fpr": 0.07220963895180524,
    "fnr": 0.111775,
    "precision": 0.9248153180590045,
    "recall": 0.888225,
    "balanced_accuracy": 0.9080076805240974
  },
  "feature_importance": {
    "raw": {
      "url_length": 0.37234211003118844,
      "digit_count": 0.7674602675732225,
      "special_char_count": 0.5206428537803994,
      "hostname_length": 1.1290685936355858,
      "path_length": 1.9771830371630128,
      "entropy": 0.6006348654339189,
      "num_tokens": 2.214241981580718,
      "query_length": 0.3475995255965486,
      "dot_count": 0.17172299318875892,
      "semicolon_count": 0.0,
      "underscore_count": 0.0,
      "question_mark_count": 1.6431609708359654,
      "hash_char_count": 0.0,
      "equal_count": 0.4365216719067071,
      "percent_char_count": 0.0,
      "ampersand_count": 0.5206428537803994,
      "dash_count": 3.2948186611121417,
      "at_char_count": 0.0,
      "tilde_char_count": 0.0,
      "double_slash_count": 0.0,
      "digit_alphabet_ratio": 0.5575975914099742,
      "special_char_alphabet_ratio": 0.33991671684181224,
      "uppercase_lowercase_ratio": 0.0,
      "domain_url_ratio": 2.8714615498839446,
      "ip_as_hostname": 0.7011611864137132,
      "exe_in_url": 0.0006333837545800335,
      "https_in_url": 1.876241119779573,
      "ftp_used": 0.0,
      "js_used": 0.012496739406946759,
      "css_used": 0.0013801968543282715
    },
    "normalized": {
      "url_length": 0.11300837719108557,
      "digit_count": 0.2329294405884456,
      "special_char_count": 0.15801866728673325,
      "hostname_length": 0.3426800409265853,
      "path_length": 0.600088575586624,
      "entropy": 0.18229678996390625,
      "num_tokens": 0.6720375866856712,
      "query_length": 0.10549883357745064,
      "dot_count": 0.05211910300726386,
      "semicolon_count": 0.0,
      "underscore_count": 0.0,
      "question_mark_count": 0.4987105937664346,
      "hash_char_count": 0.0,
      "equal_count": 0.13248731320447313,
      "percent_char_count": 0.0,
      "ampersand_count": 0.15801866728673325,
      "dash_count": 1.0,
      "at_char_count": 0.0,
      "tilde_char_count": 0.0,
      "double_slash_count": 0.0,
      "digit_alphabet_ratio": 0.16923468292539087,
      "special_char_alphabet_ratio": 0.10316704857045937,
      "uppercase_lowercase_ratio": 0.0,
      "domain_url_ratio": 0.8715082210062219,
      "ip_as_hostname": 0.21280721597498825,
      "exe_in_url": 0.00019223630182009456,
      "https_in_url": 0.5694520132243823,
      "ftp_used": 0.0,
      "js_used": 0.003792845886920094,
      "css_used": 0.0004188991857483277
    }
  }
}