{
  "scenario": "NAT_pure",
  "timestamp": "2025-08-16T12:52:10.967161+00:00",
  "samples_nat": 2000000,
  "accept_rate_nat": 0.8998345,
  "tau": 0.045270271599292755,
  "base_acc_nat_full": 0.9336155,
  "base_auc_nat_full": 0.9737273973620001,
  "base_acc_nat_accepted": 0.926659291236333,
  "base_auc_nat_accepted": 0.9675409685132376
}