{
  "samples": 400000,
  "accuracy": 0.9340375,
  "precision": 0.9316139874604098,
  "recall": 0.936845,
  "f1": 0.9342221712542038,
  "auroc": 0.976087876925,
  "avg_precision": 0.9802142180117857
}