{
  "accuracy": 0.8081675,
  "precision": 0.7364671216951922,
  "recall": 0.959775,
  "f1": 0.8334219775400907,
  "reject_rate": 0.421075
}