{
  "samples_total": 400000,
  "coverage": 0.578925,
  "accept_rate": 0.90146,
  "reject_rate": 0.421075,
  "gray_rate": 0.0,
  "tau_accept": 0.8370288610458374,
  "tau_reject": 0.9555678367614746,
  "covered_samples": 231570,
  "covered_accuracy": 0.9249255084855551,
  "covered_precision": 0.8987127628425493,
  "covered_recall": 0.9115136716601773,
  "covered_f1": 0.9050679568177971,
  "covered_auroc": 0.968213631192602,
  "covered_avg_precision": 0.9602555175909204
}