{
  "scenario": "mixed_PGD",
  "timestamp": "2025-08-15T15:31:23.417572+00:00",
  "samples_total": 3000000,
  "nat_count": 1000000,
  "adv_count": 2000000,
  "tau": 0.045270271599292755,
  "detector_auroc_nat_vs_adv": 0.999999,
  "tpr_adv_at_tau": 1.0,
  "fpr_nat_at_tau": 0.100071,
  "accept_rate_overall": 0.29997633333333334,
  "accept_rate_nat": 0.899929,
  "accept_rate_adv": 0.0,
  "base_acc_accepted_nat": 0.9195114281237742,
  "base_auc_accepted_nat": 0.9551065389532588
}