{
  "samples": 400000,
  "accuracy": 0.92218,
  "precision": 0.9294069184372997,
  "recall": 0.913765,
  "f1": 0.9215195873273597,
  "auroc": 0.9664204516625,
  "avg_precision": 0.9701199213527827
}