{
  "accuracy": 0.8013225,
  "precision": 0.7339360508673931,
  "recall": 0.94535,
  "f1": 0.8263350312820278,
  "reject_rate": 0.421075
}