{
  "samples": 400000,
  "accuracy": 0.93043,
  "precision": 0.9275738069694441,
  "recall": 0.93377,
  "f1": 0.9306615902884366,
  "auroc": 0.9681374584250001,
  "avg_precision": 0.9751795553368882
}