{
  "scenario": "mixed_PGD",
  "timestamp": "2025-08-17T14:13:07.749810+00:00",
  "attack_base_model": "DL-FTTransformer",
  "threeclass_model": "DL-FTTransformer",
  "lenient_tau_3c": 0.3103448152542114,
  "stream_counts": {
    "nat": 500000,
    "adv": 500000,
    "total": 1000000
  },
  "three_class": {
    "accuracy": 0.763348,
    "f1_macro": 0.7773334076502253,
    "auc_ovr": 0.936041219016,
    "per_class": {
      "0": {
        "precision": 0.8947415216071932,
        "recall": 0.9265658401453951,
        "f1": 0.9103756423442788,
        "support": 249802
      },
      "1": {
        "precision": 0.5291312185140314,
        "recall": 0.9374135684537847,
        "f1": 0.6764400080178701,
        "support": 250198
      },
      "2": {
        "precision": 0.9976212843051735,
        "recall": 0.594702,
        "f1": 0.7451845725885272,
        "support": 500000
      }
    },
    "counts": {
      "total": 1000000,
      "nat": 500000,
      "adv": 500000
    },
    "adv_pred2_rate": 0.594702,
    "confusion": {
      "labels": [
        0,
        1,
        2
      ],
      "matrix": [
        [
          231458,
          18056,
          288
        ],
        [
          15238,
          234539,
          421
        ],
        [
          11991,
          190658,
          297351
        ]
      ],
      "total": 1000000,
      "accuracy_from_confusion": 0.763348
    }
  },
  "nat_only_slice": {
    "accuracy": 0.931994,
    "f1_macro": 0.9326534184645596,
    "per_class": {
      "0": {
        "precision": 0.9382316697473814,
        "recall": 0.9265658401453951,
        "f1": 0.9323622653062047,
        "support": 249802
      },
      "1": {
        "precision": 0.9285179833330034,
        "recall": 0.9374135684537847,
        "f1": 0.9329445716229144,
        "support": 250198
      }
    },
    "counts": {
      "nat_total": 500000
    },
    "confusion": {
      "labels": [
        0,
        1,
        2
      ],
      "matrix": [
        [
          231458,
          18056,
          288
        ],
        [
          15238,
          234539,
          421
        ],
        [
          0,
          0,
          0
        ]
      ],
      "total": 500000,
      "accuracy_from_confusion": 0.931994
    }
  },
  "attack": {
    "kind": "PGD",
    "steps": 5,
    "eps_z": 0.4,
    "alpha_z": 0.1
  }
}