{
  "scenario": "mixed_FGSM",
  "timestamp": "2025-08-17T14:09:02.042498+00:00",
  "attack_base_model": "DL-FTTransformer",
  "threeclass_model": "DL-FTTransformer",
  "lenient_tau_3c": 0.3103448152542114,
  "stream_counts": {
    "nat": 500000,
    "adv": 500000,
    "total": 1000000
  },
  "three_class": {
    "accuracy": 0.723033,
    "f1_macro": 0.726782789499353,
    "auc_ovr": 0.8924753396603049,
    "per_class": {
      "0": {
        "precision": 0.5956217077244151,
        "recall": 0.9265658401453951,
        "f1": 0.7251179117827197,
        "support": 249802
      },
      "1": {
        "precision": 0.663183998009365,
        "recall": 0.9374135684537847,
        "f1": 0.7768069765208147,
        "support": 250198
      },
      "2": {
        "precision": 0.997249219189509,
        "recall": 0.514072,
        "f1": 0.6784234801945246,
        "support": 500000
      }
    },
    "counts": {
      "total": 1000000,
      "nat": 500000,
      "adv": 500000
    },
    "adv_pred2_rate": 0.514072,
    "confusion": {
      "labels": [
        0,
        1,
        2
      ],
      "matrix": [
        [
          231458,
          18056,
          288
        ],
        [
          15238,
          234539,
          421
        ],
        [
          141903,
          101061,
          257036
        ]
      ],
      "total": 1000000,
      "accuracy_from_confusion": 0.723033
    }
  },
  "nat_only_slice": {
    "accuracy": 0.931994,
    "f1_macro": 0.9326534184645596,
    "per_class": {
      "0": {
        "precision": 0.9382316697473814,
        "recall": 0.9265658401453951,
        "f1": 0.9323622653062047,
        "support": 249802
      },
      "1": {
        "precision": 0.9285179833330034,
        "recall": 0.9374135684537847,
        "f1": 0.9329445716229144,
        "support": 250198
      }
    },
    "counts": {
      "nat_total": 500000
    },
    "confusion": {
      "labels": [
        0,
        1,
        2
      ],
      "matrix": [
        [
          231458,
          18056,
          288
        ],
        [
          15238,
          234539,
          421
        ],
        [
          0,
          0,
          0
        ]
      ],
      "total": 500000,
      "accuracy_from_confusion": 0.931994
    }
  },
  "attack": {
    "kind": "FGSM",
    "steps": 1,
    "eps_z": 0.4,
    "alpha_z": 0.1
  }
}