{
  "model": "DL-MLP",
  "attack": "NAT",
  "samples_evaluated": 50000,
  "accuracy": 0.9342,
  "precision": 0.933109,
  "recall": 0.934982,
  "f1_score": 0.934044,
  "auc_roc": 0.974609,
  "timestamp": "2025-08-12T17:06:20.880727+00:00"
}