{
  "samples": 200000,
  "accuracy": 0.925665,
  "precision": 0.9238973480585957,
  "recall": 0.92775,
  "f1": 0.9258196659963975,
  "balanced_accuracy": 0.925665,
  "mcc": 0.8513374019426525,
  "kappa": 0.85133,
  "roc_auc": 0.9632285186,
  "pr_auc": 0.9640688638752735,
  "specificity": 0.92358,
  "confusion": {
    "tn": 92358,
    "fp": 7642,
    "fn": 7225,
    "tp": 92775
  },
  "brier": 0.1682156834344218,
  "log_loss_ce": 0.5227832998459196,
  "ece": 0.321797133861724,
  "split": "val",
  "timestamp": "2025-09-01T10:53:01.493498+00:00"
}