{
  "samples": 400001,
  "accuracy": 0.9277376806557983,
  "precision": 0.9258785401721485,
  "recall": 0.92992,
  "f1": 0.9278948694474309,
  "balanced_accuracy": 0.9277376861115694,
  "mcc": 0.8554835127456302,
  "kappa": 0.8554753628878107,
  "roc_auc": 0.9635827581862091,
  "pr_auc": 0.9644265517823676,
  "specificity": 0.9255553722231389,
  "confusion": {
    "tn": 185112,
    "fp": 14889,
    "fn": 14016,
    "tp": 185984
  },
  "brier": 0.16823749269296356,
  "log_loss_ce": 0.5228522271968435,
  "ece": 0.32292263078057143,
  "threshold_used": 0.48000000000000004
}