{
  "samples": 1399999,
  "accuracy": 0.9270628050448607,
  "precision": 0.9253940968714158,
  "recall": 0.9290242857142857,
  "f1": 0.9272056380841578,
  "balanced_accuracy": 0.9270628036438011,
  "mcc": 0.8541321817537557,
  "kappa": 0.8541256096809005,
  "roc_auc": 0.9637320672651982,
  "pr_auc": 0.9645823922593237,
  "specificity": 0.9251013215733165,
  "confusion": {
    "tn": 647570,
    "fp": 52429,
    "fn": 49683,
    "tp": 650317
  },
  "brier": 0.16818278098274184,
  "log_loss_ce": 0.5227210278398127,
  "ece": 0.3231156121661015,
  "split": "train",
  "timestamp": "2025-09-01T10:52:56.679917+00:00"
}