{
  "samples": 400001,
  "accuracy": 0.9268551828620428,
  "precision": 0.9258499940141267,
  "recall": 0.928035,
  "f1": 0.9269412093729399,
  "balanced_accuracy": 0.926855185811571,
  "mcc": 0.8537127439969205,
  "kappa": 0.8537103665862759,
  "roc_auc": 0.9635827581862091,
  "pr_auc": 0.9644265517823676,
  "specificity": 0.9256753716231418,
  "confusion": {
    "tn": 185136,
    "fp": 14865,
    "fn": 14393,
    "tp": 185607
  },
  "brier": 0.16823749269296356,
  "log_loss_ce": 0.5228522271968435,
  "ece": 0.32292263078057143,
  "split": "test",
  "timestamp": "2025-09-01T10:53:10.434145+00:00"
}