{
  "confusion_metrics": {
    "tn": 185136,
    "fp": 14865,
    "fn": 14393,
    "tp": 185607,
    "tpr_recall": 0.928035,
    "tnr_specificity": 0.9256753716231418,
    "fpr": 0.07432462837685812,
    "fnr": 0.071965,
    "precision": 0.9258499940141267,
    "recall": 0.928035,
    "balanced_accuracy": 0.926855185811571
  },
  "feature_importance": {
    "raw": {
      "url_length": 0.0,
      "digit_count": 0.06656751343290332,
      "special_char_count": 0.0,
      "hostname_length": 0.12518911723501236,
      "path_length": 0.1447393137233185,
      "entropy": 0.0,
      "num_tokens": 0.10982505592315787,
      "query_length": 0.0,
      "dot_count": 0.17648522351479445,
      "semicolon_count": 0.0,
      "underscore_count": 0.0,
      "question_mark_count": 0.0,
      "hash_char_count": 0.0,
      "equal_count": 0.0,
      "percent_char_count": 0.0,
      "ampersand_count": 0.0,
      "dash_count": 0.14967940534897128,
      "at_char_count": 0.0,
      "tilde_char_count": 0.0,
      "double_slash_count": 0.0,
      "digit_alphabet_ratio": 0.13558744932278316,
      "special_char_alphabet_ratio": 0.0,
      "uppercase_lowercase_ratio": 0.0,
      "domain_url_ratio": 0.00626355401557909,
      "ip_as_hostname": 0.0,
      "exe_in_url": 0.0,
      "https_in_url": 0.08566336748347966,
      "ftp_used": 0.0,
      "js_used": 0.0,
      "css_used": 0.0
    },
    "normalized": {
      "url_length": 0.0,
      "digit_count": 0.37718462830585403,
      "special_char_count": 0.0,
      "hostname_length": 0.7093461692815205,
      "path_length": 0.8201214290962169,
      "entropy": 0.0,
      "num_tokens": 0.6222903750010064,
      "query_length": 0.0,
      "dot_count": 1.0,
      "semicolon_count": 0.0,
      "underscore_count": 0.0,
      "question_mark_count": 0.0,
      "hash_char_count": 0.0,
      "equal_count": 0.0,
      "percent_char_count": 0.0,
      "ampersand_count": 0.0,
      "dash_count": 0.8481129602129207,
      "at_char_count": 0.0,
      "tilde_char_count": 0.0,
      "double_slash_count": 0.0,
      "digit_alphabet_ratio": 0.7682651647684097,
      "special_char_alphabet_ratio": 0.0,
      "uppercase_lowercase_ratio": 0.0,
      "domain_url_ratio": 0.03549052940998217,
      "ip_as_hostname": 0.0,
      "exe_in_url": 0.0,
      "https_in_url": 0.485385494476248,
      "ftp_used": 0.0,
      "js_used": 0.0,
      "css_used": 0.0
    }
  }
}