{
  "scenario": "mixed_FGSM",
  "timestamp": "2025-08-15T15:16:06.243185+00:00",
  "samples_total": 3000000,
  "nat_count": 1000000,
  "adv_count": 2000000,
  "tau": 0.045270271599292755,
  "detector_auroc_nat_vs_adv": 0.9960284720327499,
  "tpr_adv_at_tau": 0.998205,
  "fpr_nat_at_tau": 0.100392,
  "accept_rate_overall": 0.301066,
  "accept_rate_nat": 0.899608,
  "accept_rate_adv": 0.001795,
  "base_acc_accepted_nat": 0.9359398760348951,
  "base_auc_accepted_nat": 0.9792434216018213
}