{
  "samples": 400000,
  "accuracy": 0.66881,
  "precision": 0.6207424361633646,
  "recall": 0.86786,
  "f1": 0.7237896668195655,
  "auroc": 0.7781136271,
  "avg_precision": 0.7957232143730032
}