{
  "model": "Gaussian_Naive_Bayes",
  "attack": "FGSM",
  "samples_evaluated": 50000,
  "accuracy": 0.2549,
  "precision": 0.336911,
  "recall": 0.511519,
  "f1_score": 0.406248,
  "auc_roc": 0.255759,
  "timestamp": "2025-08-10T13:05:11.231597+00:00"
}