{
  "scenario": "mixed_PGD",
  "timestamp": "2025-08-17T14:17:51.159399+00:00",
  "attack_base_model": "Calibrated_LinearSVC",
  "threeclass_model": "Calibrated_LinearSVC",
  "lenient_tau_3c": 0.3103448152542114,
  "stream_counts": {
    "nat": 500000,
    "adv": 500000,
    "total": 1000000
  },
  "three_class": {
    "accuracy": 0.474176,
    "f1_macro": 0.44650848642151836,
    "auc_ovr": 0.6187044140167645,
    "per_class": {
      "0": {
        "precision": 0.452170109987963,
        "recall": 0.9188157020360125,
        "f1": 0.6060762896370888,
        "support": 249802
      },
      "1": {
        "precision": 0.4717496818123247,
        "recall": 0.834051431266437,
        "f1": 0.6026392432571364,
        "support": 250198
      },
      "2": {
        "precision": 0.7188011988011987,
        "recall": 0.071952,
        "f1": 0.13080992637032998,
        "support": 500000
      }
    },
    "counts": {
      "total": 1000000,
      "nat": 500000,
      "adv": 500000
    },
    "adv_pred2_rate": 0.071952,
    "confusion": {
      "labels": [
        0,
        1,
        2
      ],
      "matrix": [
        [
          229522,
          20039,
          241
        ],
        [
          27687,
          208678,
          13833
        ],
        [
          250392,
          213632,
          35976
        ]
      ],
      "total": 1000000,
      "accuracy_from_confusion": 0.474176
    }
  },
  "nat_only_slice": {
    "accuracy": 0.8764,
    "f1_macro": 0.8884270590052963,
    "per_class": {
      "0": {
        "precision": 0.892356021756626,
        "recall": 0.9188157020360125,
        "f1": 0.905392585170736,
        "support": 249802
      },
      "1": {
        "precision": 0.9123851746918681,
        "recall": 0.834051431266437,
        "f1": 0.8714615328398567,
        "support": 250198
      }
    },
    "counts": {
      "nat_total": 500000
    },
    "confusion": {
      "labels": [
        0,
        1,
        2
      ],
      "matrix": [
        [
          229522,
          20039,
          241
        ],
        [
          27687,
          208678,
          13833
        ],
        [
          0,
          0,
          0
        ]
      ],
      "total": 500000,
      "accuracy_from_confusion": 0.8764
    }
  },
  "attack": {
    "kind": "PGD",
    "steps": 5,
    "eps_z": 0.4,
    "alpha_z": 0.1
  }
}