{
  "model": "Decision_Tree",
  "attack": "PGD",
  "samples_evaluated": 50000,
  "accuracy": 0.78106,
  "precision": 0.730824,
  "recall": 0.887542,
  "f1_score": 0.801595,
  "auc_roc": 0.772487,
  "timestamp": "2025-08-10T12:53:58.697479+00:00"
}