{
  "model": "DL-FTTransformer",
  "attack": "FGSM",
  "samples_evaluated": 50000,
  "accuracy": 0.57368,
  "precision": 0.553918,
  "recall": 0.742174,
  "f1_score": 0.634374,
  "auc_roc": 0.55393,
  "timestamp": "2025-08-10T12:49:33.347968+00:00"
}