{
  "samples": 400000,
  "accuracy": 0.72901,
  "precision": 0.999727235036114,
  "recall": 0.458145,
  "f1": 0.6283404307844226,
  "auroc": 0.9425908290625,
  "avg_precision": 0.9515777580598606
}