{
  "samples_total": 400000,
  "coverage": 0.578925,
  "accept_rate": 0.90146,
  "reject_rate": 0.421075,
  "gray_rate": 0.0,
  "tau_accept": 0.8370288610458374,
  "tau_reject": 0.9555678367614746,
  "covered_samples": 231570,
  "covered_accuracy": 0.7215183313900765,
  "covered_precision": 0.9993576178960096,
  "covered_recall": 0.2908884929276931,
  "covered_f1": 0.45061423386890664,
  "covered_auroc": 0.9273119811527191,
  "covered_avg_precision": 0.9065564312236691
}