{
  "accuracy": 0.69041,
  "precision": 0.6953985243260439,
  "recall": 0.677645,
  "f1": 0.6864069851656394,
  "reject_rate": 0.421075
}