{
  "samples": 400000,
  "accuracy": 0.555975,
  "precision": 0.5368756340830336,
  "recall": 0.814945,
  "f1": 0.6473108970031057,
  "auroc": 0.7209731468375,
  "avg_precision": 0.7954344048372213
}