{
  "samples": 200000,
  "accuracy": 0.920495,
  "precision": 0.9267988185499832,
  "recall": 0.91311,
  "f1": 0.9199034872533661,
  "balanced_accuracy": 0.9204950000000001,
  "mcc": 0.8410817472151493,
  "kappa": 0.84099,
  "roc_auc": 0.9653126122999999,
  "pr_auc": 0.9689628528918767,
  "specificity": 0.92788,
  "confusion": {
    "tn": 92788,
    "fp": 7212,
    "fn": 8689,
    "tp": 91311
  },
  "brier": 0.0649255252084197,
  "log_loss_ce": 0.5250046496360956,
  "ece": 0.03288877717394549,
  "split": "val",
  "timestamp": "2025-08-22T11:29:39.021311+00:00"
}