{
  "samples": 400001,
  "accuracy": 0.9214826962932593,
  "precision": 0.9280074739402187,
  "recall": 0.91386,
  "f1": 0.9208794032512829,
  "balanced_accuracy": 0.9214826772366138,
  "mcc": 0.8430633599993047,
  "kappa": 0.8429653866005853,
  "roc_auc": 0.965866909777951,
  "pr_auc": 0.9694697839115383,
  "specificity": 0.9291053544732276,
  "confusion": {
    "tn": 185822,
    "fp": 14179,
    "fn": 17228,
    "tp": 182772
  },
  "brier": 0.06407116497430934,
  "log_loss_ce": 0.51787276961882,
  "ece": 0.031753974814120935,
  "split": "test",
  "timestamp": "2025-08-22T11:29:44.387622+00:00"
}