{
  "samples": 1399999,
  "accuracy": 0.9512742509101793,
  "precision": 0.9575731063612819,
  "recall": 0.9443914285714285,
  "f1": 0.950936589267271,
  "balanced_accuracy": 0.951274255826488,
  "mcc": 0.9026340292188599,
  "kappa": 0.9025485027785168,
  "roc_auc": 0.9905263041426795,
  "pr_auc": 0.9914241810862428,
  "specificity": 0.9581570830815472,
  "confusion": {
    "tn": 670709,
    "fp": 29290,
    "fn": 38926,
    "tp": 661074
  },
  "brier": 0.03695915736334027,
  "log_loss_ce": 0.1202927703130137,
  "ece": 0.008088965086271608,
  "split": "train",
  "timestamp": "2025-09-01T10:43:00.546350+00:00"
}