{
  "samples": 400001,
  "accuracy": 0.9215176962057595,
  "precision": 0.9247905108863795,
  "recall": 0.917665,
  "f1": 0.9212139768457984,
  "balanced_accuracy": 0.9215176865740671,
  "mcc": 0.8430604146286402,
  "kappa": 0.8430353893870223,
  "roc_auc": 0.965866909777951,
  "pr_auc": 0.9694697839115383,
  "specificity": 0.9253703731481343,
  "confusion": {
    "tn": 185075,
    "fp": 14926,
    "fn": 16467,
    "tp": 183533
  },
  "brier": 0.06407116497430934,
  "log_loss_ce": 0.51787276961882,
  "ece": 0.031753974814120935,
  "threshold_used": 0.47000000000000003
}