{
  "model": "Random Forest",
  "samples_evaluated": 400001,
  "accuracy": 0.921498,
  "precision": 0.928053,
  "recall": 0.91384,
  "f1_score": 0.920892,
  "auc_roc": 0.965871,
  "timestamp": "2025-08-12T16:48:42.170736+00:00"
}