{
  "confusion_metrics": {
    "tn": 185822,
    "fp": 14179,
    "fn": 17228,
    "tp": 182772,
    "tpr_recall": 0.91386,
    "tnr_specificity": 0.9291053544732276,
    "fpr": 0.07089464552677237,
    "fnr": 0.08614,
    "precision": 0.9280074739402187,
    "recall": 0.91386,
    "balanced_accuracy": 0.9214826772366138
  },
  "feature_importance": {
    "raw": {
      "url_length": 0.03360251267530379,
      "digit_count": 0.050356092394434365,
      "special_char_count": 0.001601570841702362,
      "hostname_length": 0.024910748692722813,
      "path_length": 0.06362198103784385,
      "entropy": 0.10311352627155221,
      "num_tokens": 0.09698510252730323,
      "query_length": 0.011361656149296247,
      "dot_count": 0.06897928999562306,
      "semicolon_count": 0.0,
      "underscore_count": 0.0,
      "question_mark_count": 0.019474429884167758,
      "hash_char_count": 0.0,
      "equal_count": 0.016440179984836194,
      "percent_char_count": 0.0,
      "ampersand_count": 0.003175128216092818,
      "dash_count": 0.036176399724399545,
      "at_char_count": 0.0,
      "tilde_char_count": 0.0,
      "double_slash_count": 0.0,
      "digit_alphabet_ratio": 0.04452643822435553,
      "special_char_alphabet_ratio": 0.0016021541081819544,
      "uppercase_lowercase_ratio": 0.0,
      "domain_url_ratio": 0.028202171025617385,
      "ip_as_hostname": 0.0059875665937562505,
      "exe_in_url": 6.985588993088894e-06,
      "https_in_url": 0.3897810827449298,
      "ftp_used": 0.0,
      "js_used": 8.818665107325935e-05,
      "css_used": 6.796667814702169e-06
    },
    "normalized": {
      "url_length": 0.08620868011004285,
      "digit_count": 0.12919070376585481,
      "special_char_count": 0.0041088983344797665,
      "hostname_length": 0.06390958872938492,
      "path_length": 0.1632249071448079,
      "entropy": 0.26454215157237126,
      "num_tokens": 0.24881941895258589,
      "query_length": 0.02914881366043934,
      "dot_count": 0.1769693118759246,
      "semicolon_count": 0.0,
      "underscore_count": 0.0,
      "question_mark_count": 0.04996248085469991,
      "hash_char_count": 0.0,
      "equal_count": 0.04217798326450476,
      "percent_char_count": 0.0,
      "ampersand_count": 0.008145926923217568,
      "dash_count": 0.09281209716396921,
      "at_char_count": 0.0,
      "tilde_char_count": 0.0,
      "double_slash_count": 0.0,
      "digit_alphabet_ratio": 0.11423447723729922,
      "special_char_alphabet_ratio": 0.004110394729521529,
      "uppercase_lowercase_ratio": 0.0,
      "domain_url_ratio": 0.07235387317160465,
      "ip_as_hostname": 0.015361357589728066,
      "exe_in_url": 1.7921826641495113e-05,
      "https_in_url": 1.0,
      "ftp_used": 0.0,
      "js_used": 0.00022624661631146458,
      "css_used": 1.7437141296951715e-05
    }
  }
}