{
  "samples": 200000,
  "accuracy": 0.95741,
  "precision": 0.9544289461134955,
  "recall": 0.96069,
  "f1": 0.9575492384977274,
  "balanced_accuracy": 0.9574100000000001,
  "mcc": 0.9148396846343038,
  "kappa": 0.91482,
  "roc_auc": 0.9926445064500001,
  "pr_auc": 0.9933784150604997,
  "specificity": 0.95413,
  "confusion": {
    "tn": 95413,
    "fp": 4587,
    "fn": 3931,
    "tp": 96069
  },
  "brier": 0.03150397968329137,
  "log_loss_ce": 0.10602821777333589,
  "ece": 0.005029239720315681
}