{
  "samples": 400001,
  "accuracy": 0.9576851057872355,
  "precision": 0.9551452892857853,
  "recall": 0.960475,
  "f1": 0.9578027303822335,
  "balanced_accuracy": 0.9576851127619361,
  "mcc": 0.9153844636822086,
  "kappa": 0.9153702127545218,
  "roc_auc": 0.992690779808601,
  "pr_auc": 0.9934331737447872,
  "specificity": 0.9548952255238724,
  "confusion": {
    "tn": 190980,
    "fp": 9021,
    "fn": 7905,
    "tp": 192095
  },
  "brier": 0.031305908500322804,
  "log_loss_ce": 0.10566286884528343,
  "ece": 0.0051230207375422415
}