{
  "samples": 1399999,
  "accuracy": 0.9581192557994684,
  "precision": 0.9552363390130786,
  "recall": 0.9612857142857143,
  "f1": 0.9582514794226566,
  "balanced_accuracy": 0.9581192535377092,
  "mcc": 0.9162568847082784,
  "kappa": 0.916238511220001,
  "roc_auc": 0.9928709197370282,
  "pr_auc": 0.9935900614851154,
  "specificity": 0.954952792789704,
  "confusion": {
    "tn": 668466,
    "fp": 31533,
    "fn": 27100,
    "tp": 672900
  },
  "brier": 0.03089620496670875,
  "log_loss_ce": 0.1042745864285063,
  "ece": 0.004859044453903021
}