{
  "model": "DL-CharTransformer",
  "samples_evaluated": 400001,
  "accuracy": 0.95485,
  "precision": 0.958685,
  "recall": 0.95067,
  "f1_score": 0.95466,
  "auc_roc": 0.991531,
  "timestamp": "2025-08-11T13:20:47.192904+00:00"
}