{
  "model": "DL-CharTransformer",
  "samples_evaluated": 400001,
  "accuracy": 0.957685,
  "precision": 0.955145,
  "recall": 0.960475,
  "f1_score": 0.957803,
  "auc_roc": 0.992691,
  "timestamp": "2025-08-22T12:36:28.798272+00:00"
}