{
  "samples": 400001,
  "accuracy": 0.9576876057809856,
  "precision": 0.9542916697684806,
  "recall": 0.961425,
  "f1": 0.9578450541102629,
  "balanced_accuracy": 0.9576876151244244,
  "mcc": 0.915400787666853,
  "kappa": 0.91537521314286,
  "roc_auc": 0.992690779808601,
  "pr_auc": 0.9934331737447872,
  "specificity": 0.9539502302488487,
  "confusion": {
    "tn": 190791,
    "fp": 9210,
    "fn": 7715,
    "tp": 192285
  },
  "brier": 0.031305908500322804,
  "log_loss_ce": 0.10566286884528343,
  "ece": 0.0051230207375422415,
  "threshold_used": 0.49
}