{
  "scenario": "NAT_pure",
  "timestamp": "2025-08-17T08:06:15.985327+00:00",
  "samples_nat": 2000000,
  "accept_rate_nat": 0.8998345,
  "tau": 0.045270271599292755,
  "base_acc_nat_full": 0.729668,
  "base_auc_nat_full": 0.9429188052979999,
  "base_acc_nat_accepted": 0.7031765285727543,
  "base_auc_nat_accepted": 0.9299099365390423
}