{
  "samples": 400000,
  "accuracy": 0.8047325,
  "precision": 0.8159404888416578,
  "recall": 0.786995,
  "f1": 0.8012063984932745,
  "auroc": 0.852381651375,
  "avg_precision": 0.8827535685910259
}