{
  "scenario": "mixed_PGD",
  "timestamp": "2025-08-16T12:59:44.208836+00:00",
  "base_model": "Random_Forest",
  "defense_model": "Defense-LGBM",
  "defense_calibrator": true,
  "device": "cuda",
  "seed": 42,
  "tau": 0.045270271599292755,
  "tau_quantile": 0.9,
  "nat_frac_target": 0.5,
  "stream_size_target": 1000000,
  "stream_nat_count": 500000,
  "stream_adv_count": 500000,
  "samples_total": 1000000,
  "attack_kind": "PGD",
  "attack_steps": 5,
  "attack_eps_z": 0.4,
  "attack_alpha_z": 0.1,
  "eval_bs": 100000,
  "torch_eval_bs": 8192,
  "torch_attack_bs": 4096,
  "lin_attack_bs": 32768,
  "bb_attack_bs": 8192,
  "detector_auroc_nat_vs_adv": 0.996659523902,
  "detector_ap_nat_vs_adv": 0.9961632949410739,
  "detector_counts_at_tau": {
    "TP": 499417,
    "FP": 49950,
    "TN": 450050,
    "FN": 583
  },
  "tpr_adv_at_tau": 0.998834,
  "fpr_nat_at_tau": 0.0999,
  "tnr_nat_at_tau": 0.9001,
  "precision_adv_at_tau": 0.9090771742751202,
  "f1_adv_at_tau": 0.9518443023270219,
  "balanced_accuracy_at_tau": 0.9494670000000001,
  "accept_rate_overall": 0.450633,
  "accept_rate_nat": 0.9001,
  "accept_rate_adv": 0.001166,
  "accept_rate_nat_by_label": {
    "0": 0.9942434408051176,
    "1": 0.8061055643930007
  },
  "accept_rate_adv_by_label": {
    "0": 0.0,
    "1": 0.0023356623185154324
  },
  "base_acc_nat_slice": 0.942442,
  "base_auc_nat_slice": 0.9832769381822253,
  "base_acc_adv_slice": 0.580378,
  "base_auc_adv_slice": 0.7434431889352671,
  "base_acc_accepted_nat": 0.9362848572380846,
  "base_auc_accepted_nat": 0.9794191962768503,
  "base_acc_rejected_nat": 0.997917917917918,
  "base_auc_rejected_nat": 0.9997390061183261,
  "base_acc_accepted_adv": 1.0,
  "base_auc_accepted_adv": NaN,
  "base_acc_rejected_adv": 0.5798881495824131,
  "base_auc_rejected_adv": 0.7428900252279138,
  "counts": {
    "accepted_nat": 450050,
    "rejected_nat": 49950,
    "accepted_adv": 583,
    "rejected_adv": 499417
  },
  "p_adv_nat_stats": {
    "mean": 0.026730884622265003,
    "std": 0.06273240388281451,
    "min": 0.0,
    "p5": 0.00019817677093669772,
    "p50": 0.009478118270635605,
    "p95": 0.17020511627197266,
    "max": 0.998979926109314
  },
  "p_adv_adv_stats": {
    "mean": 0.9402068222137797,
    "std": 0.21201146977157878,
    "min": 0.0025931166019290686,
    "p5": 0.19523100554943085,
    "p50": 1.0,
    "p95": 1.0,
    "max": 1.0
  },
  "base_prob_nat_stats": {
    "mean": 0.5001667379990034,
    "std": 0.456757577064415,
    "min": 0.0,
    "p5": 0.0,
    "p50": 0.4381121098995209,
    "p95": 1.0,
    "max": 1.0
  },
  "base_prob_adv_stats": {
    "mean": 0.713676277366638,
    "std": 0.30057190050180105,
    "min": 0.0,
    "p5": 0.061806704849004745,
    "p50": 0.7816097736358643,
    "p95": 1.0,
    "max": 1.0
  }
}