{
  "samples": 400000,
  "accuracy": 0.61566,
  "precision": 0.5900820910634453,
  "recall": 0.75763,
  "f1": 0.6634412462674151,
  "auroc": 0.7766838938124998,
  "avg_precision": 0.8232887208944777
}