{
  "samples": 398969,
  "accuracy": 0.9820462241427279,
  "precision": 0.9997811246026369,
  "recall": 0.9642105051540693,
  "f1": 0.9816736981878376,
  "auroc": 0.995530493456267,
  "avg_precision": 0.996765634826495
}