{
  "samples": 797981,
  "accuracy": 0.9818604703620762,
  "precision": 0.9997706433973969,
  "recall": 0.9638500330417784,
  "f1": 0.9814817894668163,
  "auroc": 0.9955072883316038,
  "avg_precision": 0.9967509349883327
}