{
  "scenario": "mixed_PGD",
  "timestamp": "2025-08-17T07:49:15.221863+00:00",
  "base_model": "DL-MLP",
  "defense_model": "Defense-LGBM",
  "defense_calibrator": true,
  "device": "cuda",
  "seed": 42,
  "tau": 0.045270271599292755,
  "tau_quantile": 0.9,
  "nat_frac_target": 0.5,
  "stream_size_target": 1000000,
  "stream_nat_count": 500000,
  "stream_adv_count": 500000,
  "samples_total": 1000000,
  "attack_kind": "PGD",
  "attack_steps": 5,
  "attack_eps_z": 0.4,
  "attack_alpha_z": 0.1,
  "eval_bs": 100000,
  "torch_eval_bs": 8192,
  "torch_attack_bs": 4096,
  "lin_attack_bs": 32768,
  "bb_attack_bs": 8192,
  "detector_auroc_nat_vs_adv": 0.9999932268679999,
  "detector_ap_nat_vs_adv": 0.9999923636094641,
  "detector_counts_at_tau": {
    "TP": 500000,
    "FP": 49950,
    "TN": 450050,
    "FN": 0
  },
  "tpr_adv_at_tau": 1.0,
  "fpr_nat_at_tau": 0.0999,
  "tnr_nat_at_tau": 0.9001,
  "precision_adv_at_tau": 0.9091735612328393,
  "f1_adv_at_tau": 0.9524263060145721,
  "balanced_accuracy_at_tau": 0.9500500000000001,
  "accept_rate_overall": 0.45005,
  "accept_rate_nat": 0.9001,
  "accept_rate_adv": 0.0,
  "accept_rate_nat_by_label": {
    "0": 0.9942434408051176,
    "1": 0.8061055643930007
  },
  "accept_rate_adv_by_label": {
    "0": 0.0,
    "1": 0.0
  },
  "base_acc_nat_slice": 0.934102,
  "base_auc_nat_slice": 0.9751017118222002,
  "base_acc_adv_slice": 0.353156,
  "base_auc_adv_slice": 0.2633946871004992,
  "base_acc_accepted_nat": 0.9272614153982891,
  "base_auc_accepted_nat": 0.969258258737582,
  "base_acc_rejected_nat": 0.9957357357357357,
  "base_auc_rejected_nat": 0.9993716264458663,
  "base_acc_accepted_adv": NaN,
  "base_auc_accepted_adv": NaN,
  "base_acc_rejected_adv": 0.353156,
  "base_auc_rejected_adv": 0.2633946871004992,
  "counts": {
    "accepted_nat": 450050,
    "rejected_nat": 49950,
    "accepted_adv": 0,
    "rejected_adv": 500000
  },
  "p_adv_nat_stats": {
    "mean": 0.026730884622265003,
    "std": 0.06273240388281451,
    "min": 0.0,
    "p5": 0.00019817677093669772,
    "p50": 0.009478118270635605,
    "p95": 0.17020511627197266,
    "max": 0.998979926109314
  },
  "p_adv_adv_stats": {
    "mean": 0.9997261948980093,
    "std": 0.013164551619706727,
    "min": 0.05282112956047058,
    "p5": 1.0,
    "p50": 1.0,
    "p95": 1.0,
    "max": 1.0
  },
  "base_prob_nat_stats": {
    "mean": 0.4978202485515507,
    "std": 0.44234518674491696,
    "min": 0.00030056273681111634,
    "p5": 0.00048285454977303743,
    "p50": 0.5662850439548492,
    "p95": 0.9997212290763855,
    "max": 0.9999998807907104
  },
  "base_prob_adv_stats": {
    "mean": 0.7238202707183661,
    "std": 0.366929527746034,
    "min": 5.012087422073819e-05,
    "p5": 0.017597987409681083,
    "p50": 0.9713689386844635,
    "p95": 1.0,
    "max": 1.0
  }
}