{
  "scenario": "mixed_PGD",
  "timestamp": "2025-08-15T17:15:02.238921+00:00",
  "samples_total": 3000000,
  "nat_count": 1000000,
  "adv_count": 2000000,
  "tau": 0.045270271599292755,
  "detector_auroc_nat_vs_adv": 0.9999914960819999,
  "tpr_adv_at_tau": 0.9999985,
  "fpr_nat_at_tau": 0.101242,
  "accept_rate_overall": 0.299587,
  "accept_rate_nat": 0.898758,
  "accept_rate_adv": 1.5e-06,
  "base_acc_accepted_nat": 0.9265686647573652,
  "base_auc_accepted_nat": 0.9686804063969698
}