{
  "model": "Random_Forest",
  "attack": "PGD",
  "samples_evaluated": 50000,
  "accuracy": 0.57956,
  "precision": 0.547835,
  "recall": 0.894927,
  "f1_score": 0.679631,
  "auc_roc": 0.737363,
  "timestamp": "2025-08-10T12:56:57.516148+00:00"
}