{
  "samples": 400000,
  "accuracy": 0.93093,
  "precision": 0.9292045975179777,
  "recall": 0.93294,
  "f1": 0.9310685522100578,
  "auroc": 0.9677534270874999,
  "avg_precision": 0.9728061986089527
}