{
  "scenario": "mixed_FGSM",
  "timestamp": "2025-08-17T14:39:40.712180+00:00",
  "attack_base_model": "LightGBM",
  "threeclass_model": "LightGBM",
  "lenient_tau_3c": 0.3103448152542114,
  "stream_counts": {
    "nat": 500000,
    "adv": 500000,
    "total": 1000000
  },
  "three_class": {
    "accuracy": 0.832529,
    "f1_macro": 0.8374398403777685,
    "auc_ovr": 0.9541356883392736,
    "per_class": {
      "0": {
        "precision": 0.9158625877043497,
        "recall": 0.9358772147540853,
        "f1": 0.9257617366546351,
        "support": 249802
      },
      "1": {
        "precision": 0.616737746884266,
        "recall": 0.9369139641404008,
        "f1": 0.7438349318165591,
        "support": 250198
      },
      "2": {
        "precision": 0.9991197086537301,
        "recall": 0.728662,
        "f1": 0.8427228526621114,
        "support": 500000
      }
    },
    "counts": {
      "total": 1000000,
      "nat": 500000,
      "adv": 500000
    },
    "adv_pred2_rate": 0.728662,
    "confusion": {
      "labels": [
        0,
        1,
        2
      ],
      "matrix": [
        [
          233784,
          15996,
          22
        ],
        [
          15485,
          234414,
          299
        ],
        [
          5992,
          129677,
          364331
        ]
      ],
      "total": 1000000,
      "accuracy_from_confusion": 0.832529
    }
  },
  "nat_only_slice": {
    "accuracy": 0.936396,
    "f1_macro": 0.9366969560154221,
    "per_class": {
      "0": {
        "precision": 0.9378783563138617,
        "recall": 0.9358772147540853,
        "f1": 0.9368767169400747,
        "support": 249802
      },
      "1": {
        "precision": 0.9361207619504014,
        "recall": 0.9369139641404008,
        "f1": 0.9365171950907696,
        "support": 250198
      }
    },
    "counts": {
      "nat_total": 500000
    },
    "confusion": {
      "labels": [
        0,
        1,
        2
      ],
      "matrix": [
        [
          233784,
          15996,
          22
        ],
        [
          15485,
          234414,
          299
        ],
        [
          0,
          0,
          0
        ]
      ],
      "total": 500000,
      "accuracy_from_confusion": 0.936396
    }
  },
  "attack": {
    "kind": "FGSM",
    "steps": 1,
    "eps_z": 0.4,
    "alpha_z": 0.1
  }
}