{
  "samples": 400000,
  "accuracy": 0.64628,
  "precision": 0.636112403461431,
  "recall": 0.68363,
  "f1": 0.6590157613148889,
  "auroc": 0.7260382153125001,
  "avg_precision": 0.802987537226417
}