{
  "scenario": "mixed_FGSM",
  "timestamp": "2025-08-17T14:27:11.870593+00:00",
  "attack_base_model": "AdaBoost",
  "threeclass_model": "AdaBoost",
  "lenient_tau_3c": 0.3103448152542114,
  "stream_counts": {
    "nat": 500000,
    "adv": 500000,
    "total": 1000000
  },
  "three_class": {
    "accuracy": 0.690883,
    "f1_macro": 0.6930991427009849,
    "auc_ovr": 0.9025605894634161,
    "per_class": {
      "0": {
        "precision": 0.692834114361734,
        "recall": 0.925661123609899,
        "f1": 0.79250107103076,
        "support": 249802
      },
      "1": {
        "precision": 0.5255131998907034,
        "recall": 0.7225717231952293,
        "f1": 0.6084858031422917,
        "support": 250198
      },
      "2": {
        "precision": 0.865411471166916,
        "recall": 0.55773,
        "f1": 0.6783105539299031,
        "support": 500000
      }
    },
    "counts": {
      "total": 1000000,
      "nat": 500000,
      "adv": 500000
    },
    "adv_pred2_rate": 0.55773,
    "confusion": {
      "labels": [
        0,
        1,
        2
      ],
      "matrix": [
        [
          231232,
          18570,
          0
        ],
        [
          26043,
          180786,
          43369
        ],
        [
          76473,
          144662,
          278865
        ]
      ],
      "total": 1000000,
      "accuracy_from_confusion": 0.690883
    }
  },
  "nat_only_slice": {
    "accuracy": 0.824036,
    "f1_macro": 0.8581548768412595,
    "per_class": {
      "0": {
        "precision": 0.8987736857448255,
        "recall": 0.925661123609899,
        "f1": 0.912019279123289,
        "support": 249802
      },
      "1": {
        "precision": 0.9068500571841329,
        "recall": 0.7225717231952293,
        "f1": 0.8042904745592299,
        "support": 250198
      }
    },
    "counts": {
      "nat_total": 500000
    },
    "confusion": {
      "labels": [
        0,
        1,
        2
      ],
      "matrix": [
        [
          231232,
          18570,
          0
        ],
        [
          26043,
          180786,
          43369
        ],
        [
          0,
          0,
          0
        ]
      ],
      "total": 500000,
      "accuracy_from_confusion": 0.824036
    }
  },
  "attack": {
    "kind": "FGSM",
    "steps": 1,
    "eps_z": 0.4,
    "alpha_z": 0.1
  }
}