{
  "scenario": "NAT_pure",
  "timestamp": "2025-08-15T15:21:21.138465+00:00",
  "samples_nat": 2000000,
  "accept_rate_nat": 0.8998345,
  "tau": 0.045270271599292755,
  "base_acc_nat_full": 0.9268815,
  "base_auc_nat_full": 0.9636517712335,
  "base_acc_nat_accepted": 0.9195674315665825,
  "base_auc_nat_accepted": 0.9552309859709276
}