{
  "scenario": "mixed_FGSM",
  "timestamp": "2025-08-17T08:04:08.868851+00:00",
  "base_model": "Calibrated_LinearSVC",
  "defense_model": "Defense-LGBM",
  "defense_calibrator": true,
  "device": "cuda",
  "seed": 42,
  "tau": 0.045270271599292755,
  "tau_quantile": 0.9,
  "nat_frac_target": 0.5,
  "stream_size_target": 1000000,
  "stream_nat_count": 500000,
  "stream_adv_count": 500000,
  "samples_total": 1000000,
  "attack_kind": "FGSM",
  "attack_steps": 1,
  "attack_eps_z": 0.4,
  "attack_alpha_z": 0.1,
  "eval_bs": 100000,
  "torch_eval_bs": 8192,
  "torch_attack_bs": 4096,
  "lin_attack_bs": 32768,
  "bb_attack_bs": 8192,
  "detector_auroc_nat_vs_adv": 0.9966607726719999,
  "detector_ap_nat_vs_adv": 0.9961647081058349,
  "detector_counts_at_tau": {
    "TP": 499417,
    "FP": 49950,
    "TN": 450050,
    "FN": 583
  },
  "tpr_adv_at_tau": 0.998834,
  "fpr_nat_at_tau": 0.0999,
  "tnr_nat_at_tau": 0.9001,
  "precision_adv_at_tau": 0.9090771742751202,
  "f1_adv_at_tau": 0.9518443023270219,
  "balanced_accuracy_at_tau": 0.9494670000000001,
  "accept_rate_overall": 0.450633,
  "accept_rate_nat": 0.9001,
  "accept_rate_adv": 0.001166,
  "accept_rate_nat_by_label": {
    "0": 0.9942434408051176,
    "1": 0.8061055643930007
  },
  "accept_rate_adv_by_label": {
    "0": 0.0,
    "1": 0.0023356623185154324
  },
  "base_acc_nat_slice": 0.906618,
  "base_auc_nat_slice": 0.9561056807226738,
  "base_acc_adv_slice": 0.805076,
  "base_auc_adv_slice": 0.852215146308612,
  "base_acc_accepted_nat": 0.8977002555271636,
  "base_auc_accepted_nat": 0.9463801705710821,
  "base_acc_rejected_nat": 0.986966966966967,
  "base_auc_rejected_nat": 0.9958452059006206,
  "base_acc_accepted_adv": 1.0,
  "base_auc_accepted_adv": NaN,
  "base_acc_rejected_adv": 0.8048484532965438,
  "base_auc_rejected_adv": 0.8518694959208288,
  "counts": {
    "accepted_nat": 450050,
    "rejected_nat": 49950,
    "accepted_adv": 583,
    "rejected_adv": 499417
  },
  "p_adv_nat_stats": {
    "mean": 0.026730884622265003,
    "std": 0.06273240388281451,
    "min": 0.0,
    "p5": 0.00019817677093669772,
    "p50": 0.009478118270635605,
    "p95": 0.17020511627197266,
    "max": 0.998979926109314
  },
  "p_adv_adv_stats": {
    "mean": 0.9402295996075827,
    "std": 0.21197462239040327,
    "min": 0.0025931166019290686,
    "p5": 0.19523100554943085,
    "p50": 1.0,
    "p95": 1.0,
    "max": 1.0
  },
  "base_prob_nat_stats": {
    "mean": 0.5002373504902297,
    "std": 0.4191022867301943,
    "min": 0.002272314392030239,
    "p5": 0.014748327434062958,
    "p50": 0.319044753909111,
    "p95": 0.9999843835830688,
    "max": 1.0
  },
  "base_prob_adv_stats": {
    "mean": 0.5257628295414569,
    "std": 0.36430278336930894,
    "min": 0.002272314392030239,
    "p5": 0.013536715880036354,
    "p50": 0.47622761130332947,
    "p95": 0.999984622001648,
    "max": 1.0
  }
}