{
  "scenario": "mixed_FGSM",
  "timestamp": "2025-08-15T14:47:53.007136+00:00",
  "samples_total": 3000000,
  "nat_count": 1000000,
  "adv_count": 2000000,
  "tau": 0.045270271599292755,
  "detector_auroc_nat_vs_adv": 0.9960555585829998,
  "tpr_adv_at_tau": 0.9982085,
  "fpr_nat_at_tau": 0.099696,
  "accept_rate_overall": 0.3012956666666667,
  "accept_rate_nat": 0.900304,
  "accept_rate_adv": 0.0017915,
  "base_acc_accepted_nat": 0.8971125308784589,
  "base_auc_accepted_nat": 0.9458919187467627
}