{
  "scenario": "mixed_PGD",
  "timestamp": "2025-08-15T15:10:31.125965+00:00",
  "samples_total": 3000000,
  "nat_count": 1000000,
  "adv_count": 2000000,
  "tau": 0.045270271599292755,
  "detector_auroc_nat_vs_adv": 0.99603680538025,
  "tpr_adv_at_tau": 0.998205,
  "fpr_nat_at_tau": 0.099851,
  "accept_rate_overall": 0.30124633333333334,
  "accept_rate_nat": 0.900149,
  "accept_rate_adv": 0.001795,
  "base_acc_accepted_nat": 0.9269098782534891,
  "base_auc_accepted_nat": 0.9676947748803821
}