{
  "scenario": "mixed_FGSM",
  "timestamp": "2025-08-17T14:21:37.224082+00:00",
  "attack_base_model": "Decision_Tree",
  "threeclass_model": "Decision_Tree",
  "lenient_tau_3c": 0.3103448152542114,
  "stream_counts": {
    "nat": 500000,
    "adv": 500000,
    "total": 1000000
  },
  "gate": {
    "accept_rate_nat": 0.994928,
    "accept_rate_adv": 0.069556,
    "counts": {
      "nat_accepted": 497464,
      "nat_blocked": 2536,
      "adv_accepted": 34778,
      "adv_blocked": 465222
    }
  },
  "three_class": {
    "accuracy": 0.8711619902224927,
    "f1_macro": 0.6048294603999405,
    "auc_ovr": 0.951938042788243,
    "per_class": {
      "0": {
        "precision": 0.9345957950129142,
        "recall": 0.9299602483576928,
        "f1": 0.9322722593772009,
        "support": 249801
      },
      "1": {
        "precision": 0.8165531029561888,
        "recall": 0.9333933611399361,
        "f1": 0.8710726424550271,
        "support": 247663
      },
      "2": {
        "precision": 0.34024179620034545,
        "recall": 0.005664500546322388,
        "f1": 0.011143479367593405,
        "support": 34778
      }
    },
    "counts": {
      "total_accepted": 532242,
      "nat_accepted": 497464,
      "adv_accepted": 34778
    },
    "adv_pred2_rate_accepted": 0.005664500546322388,
    "confusion": {
      "labels": [
        0,
        1,
        2
      ],
      "matrix": [
        [
          232305,
          17353,
          143
        ],
        [
          16257,
          231167,
          239
        ],
        [
          0,
          34581,
          197
        ]
      ],
      "total": 532242,
      "accuracy_from_confusion": 0.8711619902224927
    }
  },
  "nat_only_slice": {
    "accuracy": 0.9316694273354453,
    "f1_macro": 0.9320267385970072,
    "per_class": {
      "0": {
        "precision": 0.9345957950129142,
        "recall": 0.9299602483576928,
        "f1": 0.9322722593772009,
        "support": 249801
      },
      "1": {
        "precision": 0.9301746338322872,
        "recall": 0.9333933611399361,
        "f1": 0.9317812178168136,
        "support": 247663
      }
    },
    "counts": {
      "nat_accepted": 497464
    },
    "confusion": {
      "labels": [
        0,
        1,
        2
      ],
      "matrix": [
        [
          232305,
          17353,
          143
        ],
        [
          16257,
          231167,
          239
        ],
        [
          0,
          0,
          0
        ]
      ],
      "total": 497464,
      "accuracy_from_confusion": 0.9316694273354453
    }
  },
  "attack": {
    "kind": "FGSM",
    "steps": 1,
    "eps_z": 0.4,
    "alpha_z": 0.1
  }
}