{
  "model": "XGBoost",
  "attack": "NAT",
  "samples_evaluated": 50000,
  "accuracy": 0.93446,
  "precision": 0.933943,
  "recall": 0.93458,
  "f1_score": 0.934261,
  "auc_roc": 0.975712,
  "timestamp": "2025-08-10T12:59:04.913697+00:00"
}