{
  "samples": 400000,
  "accuracy": 0.92668,
  "precision": 0.9252596328263599,
  "recall": 0.92835,
  "f1": 0.9268022402587679,
  "auroc": 0.963553008025,
  "avg_precision": 0.9643933431821685
}