{
  "accuracy": 0.8062625,
  "precision": 0.7347315738444972,
  "recall": 0.95863,
  "f1": 0.8318787192453796,
  "reject_rate": 0.421075
}