{
  "samples_total": 400000,
  "coverage": 0.578925,
  "accept_rate": 0.90146,
  "reject_rate": 0.421075,
  "gray_rate": 0.0,
  "tau_accept": 0.8370288610458374,
  "tau_reject": 0.9555678367614746,
  "covered_samples": 231570,
  "covered_accuracy": 0.9216349268039902,
  "covered_precision": 0.893284477447388,
  "covered_recall": 0.9089949184979872,
  "covered_f1": 0.9010712241393409,
  "covered_auroc": 0.9539304655651639,
  "covered_avg_precision": 0.931619531760013
}