{
  "model": "DL-CharCNN",
  "attack": "NAT",
  "samples_evaluated": 30000,
  "accuracy": 0.971967,
  "precision": 0.983705,
  "recall": 0.959493,
  "f1_score": 0.971448,
  "auc_roc": 0.994644,
  "timestamp": "2025-08-12T17:06:59.621513+00:00"
}