{
  "samples": 400000,
  "accuracy": 0.4216575,
  "precision": 0.4359473303381994,
  "recall": 0.533205,
  "f1": 0.47969609935697755,
  "auroc": 0.5032938209,
  "avg_precision": 0.6495665151079436
}