{
  "model": "Gaussian_Naive_Bayes",
  "attack": "NAT",
  "samples_evaluated": 50000,
  "accuracy": 0.72978,
  "precision": 0.999825,
  "recall": 0.457818,
  "f1_score": 0.628052,
  "auc_roc": 0.94345,
  "timestamp": "2025-08-11T15:11:09.900622+00:00"
}