{
  "model": "Random_Forest",
  "attack": "FGSM",
  "samples_evaluated": 50000,
  "accuracy": 0.59184,
  "precision": 0.557949,
  "recall": 0.871007,
  "f1_score": 0.680186,
  "auc_roc": 0.760314,
  "timestamp": "2025-08-10T12:55:35.205182+00:00"
}