{
  "scenario": "NAT_pure",
  "timestamp": "2025-08-17T07:49:58.037479+00:00",
  "samples_nat": 2000000,
  "accept_rate_nat": 0.8998345,
  "tau": 0.045270271599292755,
  "base_acc_nat_full": 0.9333705,
  "base_auc_nat_full": 0.9742807657970001,
  "base_acc_nat_accepted": 0.9263953538122843,
  "base_auc_nat_accepted": 0.9682085116389445
}