{
  "scenario": "mixed_PGD",
  "timestamp": "2025-08-15T14:52:31.968394+00:00",
  "samples_total": 3000000,
  "nat_count": 1000000,
  "adv_count": 2000000,
  "tau": 0.045270271599292755,
  "detector_auroc_nat_vs_adv": 0.99605322490425,
  "tpr_adv_at_tau": 0.9982085,
  "fpr_nat_at_tau": 0.100072,
  "accept_rate_overall": 0.3011703333333333,
  "accept_rate_nat": 0.899928,
  "accept_rate_adv": 0.0017915,
  "base_acc_accepted_nat": 0.897546248144296,
  "base_auc_accepted_nat": 0.9460785325219357
}