{
  "scenario": "mixed_FGSM",
  "timestamp": "2025-08-17T14:14:17.688098+00:00",
  "attack_base_model": "Logistic_Regression",
  "threeclass_model": "Logistic_Regression",
  "lenient_tau_3c": 0.3103448152542114,
  "stream_counts": {
    "nat": 500000,
    "adv": 500000,
    "total": 1000000
  },
  "gate": {
    "accept_rate_nat": 0.994928,
    "accept_rate_adv": 0.026016,
    "counts": {
      "nat_accepted": 497464,
      "nat_blocked": 2536,
      "adv_accepted": 13008,
      "adv_blocked": 486992
    }
  },
  "three_class": {
    "accuracy": 0.8478486577128618,
    "f1_macro": 0.6287968412033467,
    "auc_ovr": 0.8189939605884476,
    "per_class": {
      "0": {
        "precision": 0.8862428065643344,
        "recall": 0.9228986273073366,
        "f1": 0.9041993669769028,
        "support": 249801
      },
      "1": {
        "precision": 0.8777626889219965,
        "recall": 0.8064466634095525,
        "f1": 0.840594776138248,
        "support": 247663
      },
      "2": {
        "precision": 0.1111939643828406,
        "recall": 0.19488007380073802,
        "f1": 0.14159638049488912,
        "support": 13008
      }
    },
    "counts": {
      "total_accepted": 510472,
      "nat_accepted": 497464,
      "adv_accepted": 13008
    },
    "adv_pred2_rate_accepted": 0.19488007380073802,
    "confusion": {
      "labels": [
        0,
        1,
        2
      ],
      "matrix": [
        [
          230541,
          17341,
          1919
        ],
        [
          29592,
          199727,
          18344
        ],
        [
          0,
          10473,
          2535
        ]
      ],
      "total": 510472,
      "accuracy_from_confusion": 0.8478486577128618
    }
  },
  "nat_only_slice": {
    "accuracy": 0.8649228888924626,
    "f1_macro": 0.8818687326803496,
    "per_class": {
      "0": {
        "precision": 0.8862428065643344,
        "recall": 0.9228986273073366,
        "f1": 0.9041993669769028,
        "support": 249801
      },
      "1": {
        "precision": 0.9201125914459984,
        "recall": 0.8064466634095525,
        "f1": 0.8595380983837962,
        "support": 247663
      }
    },
    "counts": {
      "nat_accepted": 497464
    },
    "confusion": {
      "labels": [
        0,
        1,
        2
      ],
      "matrix": [
        [
          230541,
          17341,
          1919
        ],
        [
          29592,
          199727,
          18344
        ],
        [
          0,
          0,
          0
        ]
      ],
      "total": 497464,
      "accuracy_from_confusion": 0.8649228888924626
    }
  },
  "attack": {
    "kind": "FGSM",
    "steps": 1,
    "eps_z": 0.4,
    "alpha_z": 0.1
  }
}