{
  "scenario": "NAT_pure",
  "timestamp": "2025-08-16T13:08:07.239252+00:00",
  "samples_nat": 2000000,
  "accept_rate_nat": 0.8998345,
  "tau": 0.045270271599292755,
  "base_acc_nat_full": 0.9345995,
  "base_auc_nat_full": 0.9765964155515001,
  "base_acc_nat_accepted": 0.9277205975098755,
  "base_auc_nat_accepted": 0.9710529332536142
}