{
  "samples": 400001,
  "accuracy": 0.9342126644683388,
  "precision": 0.9313719159335774,
  "recall": 0.937505,
  "f1": 0.9344283945110723,
  "balanced_accuracy": 0.9342126726991365,
  "mcc": 0.8684441600467804,
  "kappa": 0.8684253311018925,
  "roc_auc": 0.9760166769041155,
  "pr_auc": 0.9802125441557747,
  "specificity": 0.9309203453982731,
  "confusion": {
    "tn": 186185,
    "fp": 13816,
    "fn": 12499,
    "tp": 187501
  },
  "brier": 0.052869989680755576,
  "log_loss_ce": 0.17873187295963344,
  "ece": 0.0010434897259182512,
  "threshold_used": 0.47000000000000003
}