{
  "samples": 200000,
  "accuracy": 0.93314,
  "precision": 0.9304454117226164,
  "recall": 0.93627,
  "f1": 0.9333486188230837,
  "balanced_accuracy": 0.9331400000000001,
  "mcc": 0.8662969742159498,
  "kappa": 0.8662799999999999,
  "roc_auc": 0.97576107845,
  "pr_auc": 0.9799001714795446,
  "specificity": 0.93001,
  "confusion": {
    "tn": 93001,
    "fp": 6999,
    "fn": 6373,
    "tp": 93627
  },
  "brier": 0.05342234938024123,
  "log_loss_ce": 0.18001952466387341,
  "ece": 0.0011433107909974611,
  "split": "val",
  "timestamp": "2025-09-01T10:55:46.795228+00:00"
}