{
  "samples": 400001,
  "accuracy": 0.9342476643808391,
  "precision": 0.9323946887586692,
  "recall": 0.93639,
  "f1": 0.9343880735524139,
  "balanced_accuracy": 0.9342476697366513,
  "mcc": 0.8685033035584406,
  "kappa": 0.8684953301695929,
  "roc_auc": 0.9760166769041155,
  "pr_auc": 0.9802125441557747,
  "specificity": 0.9321053394733027,
  "confusion": {
    "tn": 186422,
    "fp": 13579,
    "fn": 12722,
    "tp": 187278
  },
  "brier": 0.052869989680755576,
  "log_loss_ce": 0.17873187295963344,
  "ece": 0.0010434897259182512,
  "split": "test",
  "timestamp": "2025-08-22T11:41:49.869903+00:00"
}