{
  "samples": 1399999,
  "accuracy": 0.9350835250596607,
  "precision": 0.9325285634146862,
  "recall": 0.9380371428571429,
  "f1": 0.9352747421010088,
  "balanced_accuracy": 0.9350835229499308,
  "mcc": 0.8701822319416129,
  "kappa": 0.870167049571439,
  "roc_auc": 0.9771944533584027,
  "pr_auc": 0.9809987490445502,
  "specificity": 0.9321299030427186,
  "confusion": {
    "tn": 652490,
    "fp": 47509,
    "fn": 43374,
    "tp": 656626
  },
  "brier": 0.052038684156213405,
  "log_loss_ce": 0.17574755135692716,
  "ece": 0.002322479622770455,
  "split": "train",
  "timestamp": "2025-08-22T11:41:46.441641+00:00"
}