{
  "confusion_metrics": {
    "tn": 186422,
    "fp": 13579,
    "fn": 12722,
    "tp": 187278,
    "tpr_recall": 0.93639,
    "tnr_specificity": 0.9321053394733027,
    "fpr": 0.06789466052669736,
    "fnr": 0.06361,
    "precision": 0.9323946887586692,
    "recall": 0.93639,
    "balanced_accuracy": 0.9342476697366513
  },
  "feature_importance": {
    "raw": {
      "url_length": 8049.0,
      "digit_count": 617.0,
      "special_char_count": 0.0,
      "hostname_length": 7242.0,
      "path_length": 9115.0,
      "entropy": 14775.0,
      "num_tokens": 5097.0,
      "query_length": 47.0,
      "dot_count": 3309.0,
      "semicolon_count": 0.0,
      "underscore_count": 0.0,
      "question_mark_count": 7.0,
      "hash_char_count": 0.0,
      "equal_count": 1.0,
      "percent_char_count": 0.0,
      "ampersand_count": 0.0,
      "dash_count": 673.0,
      "at_char_count": 0.0,
      "tilde_char_count": 0.0,
      "double_slash_count": 0.0,
      "digit_alphabet_ratio": 97.0,
      "special_char_alphabet_ratio": 0.0,
      "uppercase_lowercase_ratio": 0.0,
      "domain_url_ratio": 10154.0,
      "ip_as_hostname": 14.0,
      "exe_in_url": 0.0,
      "https_in_url": 1500.0,
      "ftp_used": 0.0,
      "js_used": 278.0,
      "css_used": 9.0
    },
    "normalized": {
      "url_length": 0.5447715736040609,
      "digit_count": 0.04175972927241963,
      "special_char_count": 0.0,
      "hostname_length": 0.4901522842639594,
      "path_length": 0.6169204737732656,
      "entropy": 1.0,
      "num_tokens": 0.3449746192893401,
      "query_length": 0.0031810490693739424,
      "dot_count": 0.22395939086294417,
      "semicolon_count": 0.0,
      "underscore_count": 0.0,
      "question_mark_count": 0.0004737732656514382,
      "hash_char_count": 0.0,
      "equal_count": 6.768189509306261e-05,
      "percent_char_count": 0.0,
      "ampersand_count": 0.0,
      "dash_count": 0.04554991539763113,
      "at_char_count": 0.0,
      "tilde_char_count": 0.0,
      "double_slash_count": 0.0,
      "digit_alphabet_ratio": 0.006565143824027073,
      "special_char_alphabet_ratio": 0.0,
      "uppercase_lowercase_ratio": 0.0,
      "domain_url_ratio": 0.6872419627749577,
      "ip_as_hostname": 0.0009475465313028764,
      "exe_in_url": 0.0,
      "https_in_url": 0.10152284263959391,
      "ftp_used": 0.0,
      "js_used": 0.018815566835871406,
      "css_used": 0.0006091370558375635
    }
  }
}