{
  "scenario": "mixed_PGD",
  "timestamp": "2025-08-17T07:57:52.314161+00:00",
  "base_model": "DL-FTTransformer",
  "defense_model": "Defense-LGBM",
  "defense_calibrator": true,
  "device": "cuda",
  "seed": 42,
  "tau": 0.045270271599292755,
  "tau_quantile": 0.9,
  "nat_frac_target": 0.5,
  "stream_size_target": 1000000,
  "stream_nat_count": 500000,
  "stream_adv_count": 500000,
  "samples_total": 1000000,
  "attack_kind": "PGD",
  "attack_steps": 5,
  "attack_eps_z": 0.4,
  "attack_alpha_z": 0.1,
  "eval_bs": 100000,
  "torch_eval_bs": 8192,
  "torch_attack_bs": 4096,
  "lin_attack_bs": 32768,
  "bb_attack_bs": 8192,
  "detector_auroc_nat_vs_adv": 0.9999999998699999,
  "detector_ap_nat_vs_adv": 0.9999999997400026,
  "detector_counts_at_tau": {
    "TP": 500000,
    "FP": 49950,
    "TN": 450050,
    "FN": 0
  },
  "tpr_adv_at_tau": 1.0,
  "fpr_nat_at_tau": 0.0999,
  "tnr_nat_at_tau": 0.9001,
  "precision_adv_at_tau": 0.9091735612328393,
  "f1_adv_at_tau": 0.9524263060145721,
  "balanced_accuracy_at_tau": 0.9500500000000001,
  "accept_rate_overall": 0.45005,
  "accept_rate_nat": 0.9001,
  "accept_rate_adv": 0.0,
  "accept_rate_nat_by_label": {
    "0": 0.9942434408051176,
    "1": 0.8061055643930007
  },
  "accept_rate_adv_by_label": {
    "0": 0.0,
    "1": 0.0
  },
  "base_acc_nat_slice": 0.933814,
  "base_auc_nat_slice": 0.9743921277451036,
  "base_acc_adv_slice": 0.54858,
  "base_auc_adv_slice": 0.523877641730143,
  "base_acc_accepted_nat": 0.9269436729252305,
  "base_auc_accepted_nat": 0.9683910840705156,
  "base_acc_rejected_nat": 0.9957157157157157,
  "base_auc_rejected_nat": 0.9993265864735358,
  "base_acc_accepted_adv": NaN,
  "base_auc_accepted_adv": NaN,
  "base_acc_rejected_adv": 0.54858,
  "base_auc_rejected_adv": 0.523877641730143,
  "counts": {
    "accepted_nat": 450050,
    "rejected_nat": 49950,
    "accepted_adv": 0,
    "rejected_adv": 500000
  },
  "p_adv_nat_stats": {
    "mean": 0.026730884622265003,
    "std": 0.06273240388281451,
    "min": 0.0,
    "p5": 0.00019817677093669772,
    "p50": 0.009478118270635605,
    "p95": 0.17020511627197266,
    "max": 0.998979926109314
  },
  "p_adv_adv_stats": {
    "mean": 0.9999999734780789,
    "std": 5.201309055578325e-06,
    "min": 0.998979926109314,
    "p5": 1.0,
    "p50": 1.0,
    "p95": 1.0,
    "max": 1.0
  },
  "base_prob_nat_stats": {
    "mean": 0.5051497280070318,
    "std": 0.44495840555787913,
    "min": 0.0001049004786182195,
    "p5": 0.00012000481365248561,
    "p50": 0.6180092990398407,
    "p95": 0.9999860525131226,
    "max": 0.9999886751174927
  },
  "base_prob_adv_stats": {
    "mean": 0.5958312280162682,
    "std": 0.3908187706657587,
    "min": 0.00010182647383771837,
    "p5": 0.02108819866552949,
    "p50": 0.6061749458312988,
    "p95": 0.9999792575836182,
    "max": 0.9999881982803345
  }
}