{
  "scenario": "mixed_FGSM",
  "timestamp": "2025-08-17T08:00:00.348230+00:00",
  "base_model": "Logistic_Regression",
  "defense_model": "Defense-LGBM",
  "defense_calibrator": true,
  "device": "cuda",
  "seed": 42,
  "tau": 0.045270271599292755,
  "tau_quantile": 0.9,
  "nat_frac_target": 0.5,
  "stream_size_target": 1000000,
  "stream_nat_count": 500000,
  "stream_adv_count": 500000,
  "samples_total": 1000000,
  "attack_kind": "FGSM",
  "attack_steps": 1,
  "attack_eps_z": 0.4,
  "attack_alpha_z": 0.1,
  "eval_bs": 100000,
  "torch_eval_bs": 8192,
  "torch_attack_bs": 4096,
  "lin_attack_bs": 32768,
  "bb_attack_bs": 8192,
  "detector_auroc_nat_vs_adv": 0.9987262997999999,
  "detector_ap_nat_vs_adv": 0.9985795707537357,
  "detector_counts_at_tau": {
    "TP": 499631,
    "FP": 49950,
    "TN": 450050,
    "FN": 369
  },
  "tpr_adv_at_tau": 0.999262,
  "fpr_nat_at_tau": 0.0999,
  "tnr_nat_at_tau": 0.9001,
  "precision_adv_at_tau": 0.9091125784916145,
  "f1_adv_at_tau": 0.9520580117208677,
  "balanced_accuracy_at_tau": 0.949681,
  "accept_rate_overall": 0.450419,
  "accept_rate_nat": 0.9001,
  "accept_rate_adv": 0.000738,
  "accept_rate_nat_by_label": {
    "0": 0.9942434408051176,
    "1": 0.8061055643930007
  },
  "accept_rate_adv_by_label": {
    "0": 0.0,
    "1": 0.001478318002628121
  },
  "base_acc_nat_slice": 0.908204,
  "base_auc_nat_slice": 0.9570994814500491,
  "base_acc_adv_slice": 0.645918,
  "base_auc_adv_slice": 0.7253089145979049,
  "base_acc_accepted_nat": 0.8993734029552272,
  "base_auc_accepted_nat": 0.9475649363614963,
  "base_acc_rejected_nat": 0.9877677677677678,
  "base_auc_rejected_nat": 0.9962286190578199,
  "base_acc_accepted_adv": 1.0,
  "base_auc_accepted_adv": NaN,
  "base_acc_rejected_adv": 0.6456564944929358,
  "base_auc_rejected_adv": 0.7249022326158983,
  "counts": {
    "accepted_nat": 450050,
    "rejected_nat": 49950,
    "accepted_adv": 369,
    "rejected_adv": 499631
  },
  "p_adv_nat_stats": {
    "mean": 0.026730884622265003,
    "std": 0.06273240388281451,
    "min": 0.0,
    "p5": 0.00019817677093669772,
    "p50": 0.009478118270635605,
    "p95": 0.17020511627197266,
    "max": 0.998979926109314
  },
  "p_adv_adv_stats": {
    "mean": 0.9772077048186171,
    "std": 0.1337602909932309,
    "min": 0.0025931166019290686,
    "p5": 1.0,
    "p50": 1.0,
    "p95": 1.0,
    "max": 1.0
  },
  "base_prob_nat_stats": {
    "mean": 0.5002102040667488,
    "std": 0.4178454406794063,
    "min": 0.0008820332586765289,
    "p5": 0.00976502150297165,
    "p50": 0.3579157590866089,
    "p95": 0.9999997615814209,
    "max": 1.0
  },
  "base_prob_adv_stats": {
    "mean": 0.5533576529950409,
    "std": 0.3394255575437283,
    "min": 0.0011883259285241365,
    "p5": 0.03527700789272785,
    "p50": 0.5372157692909241,
    "p95": 0.9999983310699463,
    "max": 1.0
  }
}