{
  "acc_gap_train_val": 0.0011635240203743402,
  "acc_gap_train_test": 0.00029335735829094656,
  "auc_gap_train_val": 0.0004238601691524124,
  "auc_gap_train_test": 0.00021190701057982597
}