{
  "samples": 200000,
  "accuracy": 0.932465,
  "precision": 0.9282806975845985,
  "recall": 0.93735,
  "f1": 0.9327933047065087,
  "balanced_accuracy": 0.932465,
  "mcc": 0.8649712829938582,
  "kappa": 0.86493,
  "roc_auc": 0.9741988323,
  "pr_auc": 0.9785908745617728,
  "specificity": 0.92758,
  "confusion": {
    "tn": 92758,
    "fp": 7242,
    "fn": 6265,
    "tp": 93735
  },
  "brier": 0.054704390381168,
  "log_loss_ce": 0.18427177263572633,
  "ece": 0.005654327206201845,
  "split": "val"
}