{
  "samples": 200000,
  "accuracy": 0.932485,
  "precision": 0.9283853521796408,
  "recall": 0.93727,
  "f1": 0.9328065207979817,
  "balanced_accuracy": 0.932485,
  "mcc": 0.8650096118163804,
  "kappa": 0.86497,
  "roc_auc": 0.9738649004,
  "pr_auc": 0.9783577662644657,
  "specificity": 0.9277,
  "confusion": {
    "tn": 92770,
    "fp": 7230,
    "fn": 6273,
    "tp": 93727
  },
  "brier": 0.05480979394777607,
  "log_loss_ce": 0.1847579891231858,
  "ece": 0.005912078040996568,
  "split": "val"
}