{
  "samples": 400001,
  "accuracy": 0.9333901665245837,
  "precision": 0.9308180164418423,
  "recall": 0.936375,
  "f1": 0.9335882391062678,
  "balanced_accuracy": 0.93339017398663,
  "mcc": 0.8667957817874583,
  "kappa": 0.8667803350366283,
  "roc_auc": 0.9744107854585726,
  "pr_auc": 0.9788757637962674,
  "specificity": 0.9304053479732601,
  "confusion": {
    "tn": 186082,
    "fp": 13919,
    "fn": 12725,
    "tp": 187275
  },
  "brier": 0.054198264417007355,
  "log_loss_ce": 0.18314124809265778,
  "ece": 0.004919098530235163,
  "threshold_used": 0.53
}