{
  "samples": 400001,
  "accuracy": 0.9333951665120838,
  "precision": 0.930668866077728,
  "recall": 0.93656,
  "f1": 0.9336051397327458,
  "balanced_accuracy": 0.9333951744241278,
  "mcc": 0.8668077012334992,
  "kappa": 0.8667903351313673,
  "roc_auc": 0.9741460816320919,
  "pr_auc": 0.9786675929602652,
  "specificity": 0.9302303488482557,
  "confusion": {
    "tn": 186047,
    "fp": 13954,
    "fn": 12688,
    "tp": 187312
  },
  "brier": 0.054299576691945246,
  "log_loss_ce": 0.18356957008950509,
  "ece": 0.005261175850796158,
  "threshold_used": 0.52
}