{
  "samples": 400001,
  "accuracy": 0.9333826665433337,
  "precision": 0.9302695001662968,
  "recall": 0.937,
  "f1": 0.9336226201715295,
  "balanced_accuracy": 0.9333826755866221,
  "mcc": 0.86678802178535,
  "kappa": 0.8667653354957046,
  "roc_auc": 0.9741460816320919,
  "pr_auc": 0.9786675929602652,
  "specificity": 0.9297653511732441,
  "confusion": {
    "tn": 185954,
    "fp": 14047,
    "fn": 12600,
    "tp": 187400
  },
  "brier": 0.054299576691945246,
  "log_loss_ce": 0.18356957008950509,
  "ece": 0.005261175850796158,
  "split": "test"
}