{
  "samples": 1399999,
  "accuracy": 0.9336285240203743,
  "precision": 0.9297692436208561,
  "recall": 0.9381185714285715,
  "f1": 0.9339252470692306,
  "balanced_accuracy": 0.933628520813193,
  "mcc": 0.8672920173322474,
  "kappa": 0.8672570471892285,
  "roc_auc": 0.9746226924691525,
  "pr_auc": 0.9789578315763978,
  "specificity": 0.9291384701978146,
  "confusion": {
    "tn": 650396,
    "fp": 49603,
    "fn": 43317,
    "tp": 656683
  },
  "brier": 0.053966640820967464,
  "log_loss_ce": 0.18239695589130442,
  "ece": 0.0049354384869967,
  "split": "train"
}