{
  "samples": 400001,
  "accuracy": 0.9333351666620834,
  "precision": 0.9300707629095167,
  "recall": 0.93713,
  "f1": 0.9335870371938494,
  "balanced_accuracy": 0.9333351761491193,
  "mcc": 0.8666953004217947,
  "kappa": 0.8666703358532512,
  "roc_auc": 0.9744107854585726,
  "pr_auc": 0.9788757637962674,
  "specificity": 0.9295403522982385,
  "confusion": {
    "tn": 185909,
    "fp": 14092,
    "fn": 12574,
    "tp": 187426
  },
  "brier": 0.054198264417007355,
  "log_loss_ce": 0.18314124809265778,
  "ece": 0.004919098530235163,
  "split": "test"
}