{
  "model": "DL-FTTransformer",
  "samples_evaluated": 400001,
  "accuracy": 0.933273,
  "precision": 0.929695,
  "recall": 0.937435,
  "f1_score": 0.933549,
  "auc_roc": 0.974172,
  "timestamp": "2025-08-11T12:50:43.025218+00:00"
}