{
  "samples": 1399999,
  "accuracy": 0.9336056668611906,
  "precision": 0.9297879691540006,
  "recall": 0.9380471428571429,
  "f1": 0.9338992958417542,
  "balanced_accuracy": 0.9336056636887032,
  "mcc": 0.8672455486745546,
  "kappa": 0.8672113328797817,
  "roc_auc": 0.9743176448782682,
  "pr_auc": 0.9787315527852052,
  "specificity": 0.9291641845202636,
  "confusion": {
    "tn": 650414,
    "fp": 49585,
    "fn": 43367,
    "tp": 656633
  },
  "brier": 0.054092123651299,
  "log_loss_ce": 0.1829541216544943,
  "ece": 0.005003421361820756,
  "split": "train"
}