{
  "model": "DL-FTTransformer",
  "samples_evaluated": 400001,
  "accuracy": 0.933335,
  "precision": 0.930071,
  "recall": 0.93713,
  "f1_score": 0.933587,
  "auc_roc": 0.974411,
  "timestamp": "2025-09-01T11:13:45.827809+00:00"
}