{
  "samples": 400000,
  "accuracy": 0.60163,
  "precision": 0.5651069527281114,
  "recall": 0.882115,
  "f1": 0.6888913185238406,
  "auroc": 0.6328905043375,
  "avg_precision": 0.7030592969656023
}