{
  "model": "DL-FTTransformer",
  "attack": "PGD",
  "samples_evaluated": 50000,
  "accuracy": 0.46406,
  "precision": 0.465908,
  "recall": 0.515853,
  "f1_score": 0.48961,
  "auc_roc": 0.388041,
  "timestamp": "2025-08-12T17:06:58.475592+00:00"
}