{
  "samples": 400000,
  "accuracy": 0.2226125,
  "precision": 0.3080662180629314,
  "recall": 0.445225,
  "f1": 0.36415871750043455,
  "auroc": 0.1639998923125,
  "avg_precision": 0.41338206220801077
}