{
  "model": "DL-MLP",
  "attack": "PGD",
  "samples_evaluated": 50000,
  "accuracy": 0.3149,
  "precision": 0.361303,
  "recall": 0.4882,
  "f1_score": 0.415274,
  "auc_roc": 0.218879,
  "timestamp": "2025-08-10T12:49:27.351915+00:00"
}