{
  "samples": 200000,
  "accuracy": 0.971555,
  "precision": 0.9837503462284184,
  "recall": 0.95895,
  "f1": 0.9711918735663032,
  "balanced_accuracy": 0.971555,
  "mcc": 0.943409836925339,
  "kappa": 0.94311,
  "roc_auc": 0.9946744195,
  "pr_auc": 0.9958276478060863,
  "specificity": 0.98416,
  "confusion": {
    "tn": 98416,
    "fp": 1584,
    "fn": 4105,
    "tp": 95895
  },
  "brier": 0.020709835865552785,
  "log_loss_ce": 0.07389277492805213,
  "ece": 0.002872360759414714
}