{
  "samples": 400001,
  "accuracy": 0.9725825685435786,
  "precision": 0.9845782341873068,
  "recall": 0.960205,
  "f1": 0.9722388868216347,
  "balanced_accuracy": 0.9725825375998121,
  "mcc": 0.9454548687862606,
  "kappa": 0.9451651336932387,
  "roc_auc": 0.9949793838030808,
  "pr_auc": 0.9960389090878145,
  "specificity": 0.984960075199624,
  "confusion": {
    "tn": 196993,
    "fp": 3008,
    "fn": 7959,
    "tp": 192041
  },
  "brier": 0.02014351852003353,
  "log_loss_ce": 0.07192019877543739,
  "ece": 0.002395945316020657
}