{
  "samples": 400001,
  "accuracy": 0.9723975690060774,
  "precision": 0.987553087732154,
  "recall": 0.956855,
  "f1": 0.9719617149546832,
  "balanced_accuracy": 0.9723975301498493,
  "mcc": 0.9452519295889988,
  "kappa": 0.9447951337217232,
  "roc_auc": 0.9949793838030808,
  "pr_auc": 0.9960389090878145,
  "specificity": 0.9879400602996985,
  "confusion": {
    "tn": 197589,
    "fp": 2412,
    "fn": 8629,
    "tp": 191371
  },
  "brier": 0.02014351852003353,
  "log_loss_ce": 0.07192019877543739,
  "ece": 0.002395945316020657,
  "threshold_used": 0.54
}