{
  "model": "DL-CharCNN",
  "samples_evaluated": 400001,
  "accuracy": 0.972583,
  "precision": 0.984578,
  "recall": 0.960205,
  "f1_score": 0.972239,
  "auc_roc": 0.994979,
  "timestamp": "2025-08-22T12:05:02.316100+00:00"
}