{
  "samples": 1399999,
  "accuracy": 0.9738442670316193,
  "precision": 0.985499036879607,
  "recall": 0.9618414285714286,
  "f1": 0.973526528416797,
  "balanced_accuracy": 0.9738442756050876,
  "mcc": 0.9479617177001616,
  "kappa": 0.9476885349601947,
  "roc_auc": 0.9953826071761736,
  "pr_auc": 0.9963372412933733,
  "specificity": 0.9858471226387466,
  "confusion": {
    "tn": 690092,
    "fp": 9907,
    "fn": 26711,
    "tp": 673289
  },
  "brier": 0.019294951176374503,
  "log_loss_ce": 0.06906859080377557,
  "ece": 0.0023415368730801676
}