{
  "model": "DL-CharCNN",
  "samples_evaluated": 400001,
  "accuracy": 0.972213,
  "precision": 0.983554,
  "recall": 0.960485,
  "f1_score": 0.971883,
  "auc_roc": 0.994811,
  "timestamp": "2025-08-11T12:56:23.537081+00:00"
}