{
  "scenario": "mixed_FGSM",
  "timestamp": "2025-08-15T15:36:11.015536+00:00",
  "samples_total": 3000000,
  "nat_count": 1000000,
  "adv_count": 2000000,
  "tau": 0.045270271599292755,
  "detector_auroc_nat_vs_adv": 0.9960557580487501,
  "tpr_adv_at_tau": 0.998205,
  "fpr_nat_at_tau": 0.099858,
  "accept_rate_overall": 0.301244,
  "accept_rate_nat": 0.900142,
  "accept_rate_adv": 0.001795,
  "base_acc_accepted_nat": 0.9277536210953383,
  "base_auc_accepted_nat": 0.9711234904600705
}