{
  "model": "DL-CharTransformer",
  "attack": "FGSM",
  "samples_evaluated": 30000,
  "accuracy": 0.6681,
  "precision": 0.630809,
  "recall": 0.801086,
  "f1_score": 0.705823,
  "auc_roc": 0.711844,
  "timestamp": "2025-08-10T12:50:51.778437+00:00"
}