{
  "scenario": "mixed_PGD",
  "timestamp": "2025-08-15T15:01:34.330997+00:00",
  "samples_total": 3000000,
  "nat_count": 1000000,
  "adv_count": 2000000,
  "tau": 0.045270271599292755,
  "detector_auroc_nat_vs_adv": 0.9960336382342501,
  "tpr_adv_at_tau": 0.998205,
  "fpr_nat_at_tau": 0.100124,
  "accept_rate_overall": 0.30115533333333333,
  "accept_rate_nat": 0.899876,
  "accept_rate_adv": 0.001795,
  "base_acc_accepted_nat": 0.7029824109099476,
  "base_auc_accepted_nat": 0.929459385994364
}