{
  "samples": 400000,
  "accuracy": 0.9076625,
  "precision": 0.9241116711661803,
  "recall": 0.88827,
  "f1": 0.9058364330274855,
  "auroc": 0.9566572120000001,
  "avg_precision": 0.9635501816724714
}