{
  "samples_total": 400000,
  "coverage": 0.578925,
  "accept_rate": 0.90146,
  "reject_rate": 0.421075,
  "gray_rate": 0.0,
  "tau_accept": 0.8370288610458374,
  "tau_reject": 0.9555678367614746,
  "covered_samples": 231570,
  "covered_accuracy": 0.9030487541564106,
  "covered_precision": 0.8908870848034346,
  "covered_recall": 0.8581688994478541,
  "covered_f1": 0.8742219757194799,
  "covered_auroc": 0.948531519350486,
  "covered_avg_precision": 0.9350676899953416
}