{
  "accuracy": 0.7955025,
  "precision": 0.7308532121917589,
  "recall": 0.935525,
  "f1": 0.8206197684694819,
  "reject_rate": 0.421075
}