{
  "samples": 400001,
  "accuracy": 0.7289206776983057,
  "precision": 0.999694403213132,
  "recall": 0.45798,
  "f1": 0.6281787507201053,
  "balanced_accuracy": 0.7289200003499983,
  "mcc": 0.5447524617743034,
  "kappa": 0.45784062093358446,
  "roc_auc": 0.9428076643866781,
  "pr_auc": 0.9517734041172886,
  "specificity": 0.9998600006999965,
  "confusion": {
    "tn": 199973,
    "fp": 28,
    "fn": 108404,
    "tp": 91596
  },
  "brier": 0.27107932230169424,
  "log_loss_ce": 9.770689133999042,
  "ece": 0.27107922230169423,
  "split": "test",
  "timestamp": "2025-08-22T11:25:32.219710+00:00"
}