{
  "samples": 1399999,
  "accuracy": 0.7298133784381274,
  "precision": 0.9998104771935712,
  "recall": 0.45971428571428574,
  "f1": 0.6298312588502741,
  "balanced_accuracy": 0.7298135713663265,
  "mcc": 0.5461752831089534,
  "kappa": 0.459626965382521,
  "roc_auc": 0.9430910895158421,
  "pr_auc": 0.9520375774287619,
  "specificity": 0.9999128570183672,
  "confusion": {
    "tn": 699938,
    "fp": 61,
    "fn": 378200,
    "tp": 321800
  },
  "brier": 0.27018662156187256,
  "log_loss_ce": 9.7385129379527,
  "ece": 0.2701865215618726,
  "split": "train",
  "timestamp": "2025-08-22T11:25:31.432651+00:00"
}