{
  "samples": 200000,
  "accuracy": 0.730145,
  "precision": 0.9998045475275262,
  "recall": 0.46038,
  "f1": 0.6304545796900998,
  "balanced_accuracy": 0.730145,
  "mcc": 0.5466845385581208,
  "kappa": 0.46029,
  "roc_auc": 0.9423665702,
  "pr_auc": 0.9514377146679678,
  "specificity": 0.99991,
  "confusion": {
    "tn": 99991,
    "fp": 9,
    "fn": 53962,
    "tp": 46038
  },
  "brier": 0.269855,
  "log_loss_ce": 9.726560085320209,
  "ece": 0.26985490000000006,
  "split": "val",
  "timestamp": "2025-09-01T10:39:02.639410+00:00"
}