{
  "scenario": "mixed_PGD",
  "timestamp": "2025-08-17T14:07:03.210000+00:00",
  "attack_base_model": "DL-MLP",
  "threeclass_model": "DL-MLP",
  "lenient_tau_3c": 0.3103448152542114,
  "stream_counts": {
    "nat": 500000,
    "adv": 500000,
    "total": 1000000
  },
  "three_class": {
    "accuracy": 0.961946,
    "f1_macro": 0.9512259013901089,
    "auc_ovr": 0.9936137820670498,
    "per_class": {
      "0": {
        "precision": 0.9376219032043128,
        "recall": 0.9294881546184578,
        "f1": 0.9335373122626583,
        "support": 249802
      },
      "1": {
        "precision": 0.9124486100425109,
        "recall": 0.938516694777736,
        "f1": 0.925299087369765,
        "support": 250198
      },
      "2": {
        "precision": 0.9998464705395147,
        "recall": 0.989886,
        "f1": 0.9948413045379033,
        "support": 500000
      }
    },
    "counts": {
      "total": 1000000,
      "nat": 500000,
      "adv": 500000
    },
    "adv_pred2_rate": 0.989886,
    "confusion": {
      "labels": [
        0,
        1,
        2
      ],
      "matrix": [
        [
          232188,
          17590,
          24
        ],
        [
          15331,
          234815,
          52
        ],
        [
          116,
          4941,
          494943
        ]
      ],
      "total": 1000000,
      "accuracy_from_confusion": 0.961946
    }
  },
  "nat_only_slice": {
    "accuracy": 0.934006,
    "f1_macro": 0.9340752982223115,
    "per_class": {
      "0": {
        "precision": 0.9380613205450895,
        "recall": 0.9294881546184578,
        "f1": 0.9337550596093871,
        "support": 249802
      },
      "1": {
        "precision": 0.9303104138190607,
        "recall": 0.938516694777736,
        "f1": 0.9343955368352358,
        "support": 250198
      }
    },
    "counts": {
      "nat_total": 500000
    },
    "confusion": {
      "labels": [
        0,
        1,
        2
      ],
      "matrix": [
        [
          232188,
          17590,
          24
        ],
        [
          15331,
          234815,
          52
        ],
        [
          0,
          0,
          0
        ]
      ],
      "total": 500000,
      "accuracy_from_confusion": 0.934006
    }
  },
  "attack": {
    "kind": "PGD",
    "steps": 5,
    "eps_z": 0.4,
    "alpha_z": 0.1
  }
}