{
  "scenario": "mixed_PGD",
  "timestamp": "2025-08-17T14:07:03.210308+00:00",
  "attack_base_model": "DL-MLP",
  "threeclass_model": "DL-MLP",
  "lenient_tau_3c": 0.3103448152542114,
  "stream_counts": {
    "nat": 500000,
    "adv": 500000,
    "total": 1000000
  },
  "gate": {
    "accept_rate_nat": 0.994928,
    "accept_rate_adv": 0.000216,
    "counts": {
      "nat_accepted": 497464,
      "nat_blocked": 2536,
      "adv_accepted": 108,
      "adv_blocked": 499892
    }
  },
  "three_class": {
    "accuracy": 0.9336598522424895,
    "f1_macro": 0.8455359133543051,
    "auc_ovr": 0.9833346299834353,
    "per_class": {
      "0": {
        "precision": 0.9380613205450895,
        "recall": 0.9294918755329242,
        "f1": 0.9337569371833025,
        "support": 249801
      },
      "1": {
        "precision": 0.9295415619547645,
        "recall": 0.9379075598696616,
        "f1": 0.9337058214669735,
        "support": 247663
      },
      "2": {
        "precision": 0.5590062111801242,
        "recall": 0.8333333333333334,
        "f1": 0.6691449814126395,
        "support": 108
      }
    },
    "counts": {
      "total_accepted": 497572,
      "nat_accepted": 497464,
      "adv_accepted": 108
    },
    "adv_pred2_rate_accepted": 0.8333333333333334,
    "confusion": {
      "labels": [
        0,
        1,
        2
      ],
      "matrix": [
        [
          232188,
          17589,
          24
        ],
        [
          15331,
          232285,
          47
        ],
        [
          0,
          18,
          90
        ]
      ],
      "total": 497572,
      "accuracy_from_confusion": 0.9336598522424895
    }
  },
  "nat_only_slice": {
    "accuracy": 0.9336816332438126,
    "f1_macro": 0.9337482692295938,
    "per_class": {
      "0": {
        "precision": 0.9380613205450895,
        "recall": 0.9294918755329242,
        "f1": 0.9337569371833025,
        "support": 249801
      },
      "1": {
        "precision": 0.9296085226954385,
        "recall": 0.9379075598696616,
        "f1": 0.933739601275885,
        "support": 247663
      }
    },
    "counts": {
      "nat_accepted": 497464
    },
    "confusion": {
      "labels": [
        0,
        1,
        2
      ],
      "matrix": [
        [
          232188,
          17589,
          24
        ],
        [
          15331,
          232285,
          47
        ],
        [
          0,
          0,
          0
        ]
      ],
      "total": 497464,
      "accuracy_from_confusion": 0.9336816332438126
    }
  },
  "attack": {
    "kind": "PGD",
    "steps": 5,
    "eps_z": 0.4,
    "alpha_z": 0.1
  }
}