{
  "scenario": "mixed_FGSM",
  "timestamp": "2025-08-17T07:47:10.561533+00:00",
  "base_model": "DL-MLP",
  "defense_model": "Defense-LGBM",
  "defense_calibrator": true,
  "device": "cuda",
  "seed": 42,
  "tau": 0.045270271599292755,
  "tau_quantile": 0.9,
  "nat_frac_target": 0.5,
  "stream_size_target": 1000000,
  "stream_nat_count": 500000,
  "stream_adv_count": 500000,
  "samples_total": 1000000,
  "attack_kind": "FGSM",
  "attack_steps": 1,
  "attack_eps_z": 0.4,
  "attack_alpha_z": 0.1,
  "eval_bs": 100000,
  "torch_eval_bs": 8192,
  "torch_attack_bs": 4096,
  "lin_attack_bs": 32768,
  "bb_attack_bs": 8192,
  "detector_auroc_nat_vs_adv": 0.9999915316619999,
  "detector_ap_nat_vs_adv": 0.9999914447462821,
  "detector_counts_at_tau": {
    "TP": 499998,
    "FP": 49950,
    "TN": 450050,
    "FN": 2
  },
  "tpr_adv_at_tau": 0.999996,
  "fpr_nat_at_tau": 0.0999,
  "tnr_nat_at_tau": 0.9001,
  "precision_adv_at_tau": 0.909173230923651,
  "f1_adv_at_tau": 0.9524243105372838,
  "balanced_accuracy_at_tau": 0.950048,
  "accept_rate_overall": 0.450052,
  "accept_rate_nat": 0.9001,
  "accept_rate_adv": 4e-06,
  "accept_rate_nat_by_label": {
    "0": 0.9942434408051176,
    "1": 0.8061055643930007
  },
  "accept_rate_adv_by_label": {
    "0": 0.0,
    "1": 8.012563699881414e-06
  },
  "base_acc_nat_slice": 0.934102,
  "base_auc_nat_slice": 0.9751017118222002,
  "base_acc_adv_slice": 0.886694,
  "base_auc_adv_slice": 0.9196827898901796,
  "base_acc_accepted_nat": 0.9272614153982891,
  "base_auc_accepted_nat": 0.969258258737582,
  "base_acc_rejected_nat": 0.9957357357357357,
  "base_auc_rejected_nat": 0.9993716264458663,
  "base_acc_accepted_adv": 1.0,
  "base_auc_accepted_adv": NaN,
  "base_acc_rejected_adv": 0.8866935467741871,
  "base_auc_rejected_adv": 0.9196821939387593,
  "counts": {
    "accepted_nat": 450050,
    "rejected_nat": 49950,
    "accepted_adv": 2,
    "rejected_adv": 499998
  },
  "p_adv_nat_stats": {
    "mean": 0.026730884622265003,
    "std": 0.06273240388281451,
    "min": 0.0,
    "p5": 0.00019817677093669772,
    "p50": 0.009478118270635605,
    "p95": 0.17020511627197266,
    "max": 0.998979926109314
  },
  "p_adv_adv_stats": {
    "mean": 0.9997037969455235,
    "std": 0.01274198724516802,
    "min": 0.009355509653687477,
    "p5": 1.0,
    "p50": 1.0,
    "p95": 1.0,
    "max": 1.0
  },
  "base_prob_nat_stats": {
    "mean": 0.4978202485515507,
    "std": 0.44234518674491696,
    "min": 0.00030056273681111634,
    "p5": 0.00048285454977303743,
    "p50": 0.5662850439548492,
    "p95": 0.9997212290763855,
    "max": 0.9999998807907104
  },
  "base_prob_adv_stats": {
    "mean": 0.5036255905059501,
    "std": 0.4093706707117302,
    "min": 0.0021182014606893063,
    "p5": 0.002891150303184986,
    "p50": 0.3778415769338608,
    "p95": 0.9992246627807617,
    "max": 1.0
  }
}