{
  "samples": 400000,
  "accuracy": 0.86664,
  "precision": 0.7978488334308182,
  "recall": 0.98212,
  "f1": 0.8804460859898877,
  "auroc": 0.9706542520625,
  "avg_precision": 0.9723047006912984
}