{
  "scenario": "FGSM",
  "timestamp": "2025-08-15T08:36:19.880371+00:00",
  "samples_adv": 400000,
  "samples_nat": 400000,
  "auroc_nat_vs_adv": 0.99999873851875,
  "tpr_detect_at_tau_reject": 1.0,
  "fpr_nat_at_tau_reject": 0.2999675,
  "accept_rate_adv_at_tau_accept": 0.0,
  "reject_rate_adv_at_tau_reject": 1.0,
  "tau_accept": 0.8370288610458374,
  "tau_reject": 0.9555678367614746
}